domain_id,resid,resname,rmsf_320
1a0aA00,0,MET,1.3483024
1a0aA00,1,LYS,1.1942909
1a0aA00,2,ARG,1.0236586
1a0aA00,3,GLU,0.88456726
1a0aA00,4,SER,0.80763894
1a0aA00,5,HSD,0.727569
1a0aA00,6,LYS,0.65099525
1a0aA00,7,HSD,0.57902086
1a0aA00,8,ALA,0.5618905
1a0aA00,9,GLU,0.57700354
1a0aA00,10,GLN,0.60177547
1a0aA00,11,ALA,0.607279
1a0aA00,12,ARG,0.6691592
1a0aA00,13,ARG,0.6728361
1a0aA00,14,ASN,0.65584266
1a0aA00,15,ARG,0.65447074
1a0aA00,16,LEU,0.63154256
1a0aA00,17,ALA,0.60719216
1a0aA00,18,VAL,0.5827404
1a0aA00,19,ALA,0.56886494
1a0aA00,20,LEU,0.50071716
1a0aA00,21,HSD,0.58191025
1a0aA00,22,GLU,0.5836119
1a0aA00,23,LEU,0.43551692
1a0aA00,24,ALA,0.431881
1a0aA00,25,SER,0.5583499
1a0aA00,26,LEU,0.53329146
1a0aA00,27,ILE,0.42817587
1a0aA00,28,PRO,0.5592009
1a0aA00,29,ALA,0.5932456
1a0aA00,30,GLU,0.6432492
1a0aA00,31,TRP,0.51405907
1a0aA00,32,LYS,0.49099612
1a0aA00,33,GLN,0.5933111
1a0aA00,34,GLN,0.67897624
1a0aA00,35,ASN,0.6827224
1a0aA00,36,VAL,0.6909975
1a0aA00,37,SER,0.73688525
1a0aA00,38,ALA,0.7120438
1a0aA00,39,ALA,0.6856081
1a0aA00,40,PRO,0.6258396
1a0aA00,41,SER,0.63536084
1a0aA00,42,LYS,0.62492913
1a0aA00,43,ALA,0.5553548
1a0aA00,44,THR,0.5287582
1a0aA00,45,THR,0.4399565
1a0aA00,46,VAL,0.405546
1a0aA00,47,GLU,0.43450823
1a0aA00,48,ALA,0.40247935
1a0aA00,49,ALA,0.34046274
1a0aA00,50,CYS,0.36489335
1a0aA00,51,ARG,0.44108027
1a0aA00,52,TYR,0.42938653
1a0aA00,53,ILE,0.40835047
1a0aA00,54,ARG,0.47725207
1a0aA00,55,HSD,0.5008
1a0aA00,56,LEU,0.47391233
1a0aA00,57,GLN,0.5389844
1a0aA00,58,GLN,0.60720146
1a0aA00,59,ASN,0.7467502
1a0aA00,60,GLY,0.8633441
1a0aA00,61,SER,0.955773
1a0aA00,62,THR,1.0895492
1a0hA01,164,SER,0.92972815
1a0hA01,165,PRO,0.766996
1a0hA01,166,LEU,0.6162599
1a0hA01,167,LEU,0.48133406
1a0hA01,168,GLU,0.38133013
1a0hA01,169,THR,0.32268202
1a0hA01,170,CYS,0.2059511
1a0hA01,171,VAL,0.20498557
1a0hA01,172,PRO,0.22786248
1a0hA01,173,ASP,0.27161127
1a0hA01,174,ARG,0.3470316
1a0hA01,175,GLY,0.3784121
1a0hA01,176,ARG,0.2917409
1a0hA01,177,GLU,0.25034314
1a0hA01,178,TYR,0.2046045
1a0hA01,179,ARG,0.22082922
1a0hA01,180,GLY,0.20164391
1a0hA01,181,ARG,0.198264
1a0hA01,182,LEU,0.16555934
1a0hA01,183,ALA,0.164179
1a0hA01,184,VAL,0.15742315
1a0hA01,185,THR,0.13862096
1a0hA01,186,THR,0.16982576
1a0hA01,187,HSP,0.1884834
1a0hA01,188,GLY,0.1847463
1a0hA01,189,SER,0.17136224
1a0hA01,190,ARG,0.1775453
1a0hA01,191,CYS,0.15927783
1a0hA01,192,LEU,0.2025725
1a0hA01,193,ALA,0.21398668
1a0hA01,194,TRP,0.2167457
1a0hA01,195,SER,0.29282045
1a0hA01,196,SER,0.35795316
1a0hA01,197,GLU,0.36433282
1a0hA01,198,GLN,0.41115135
1a0hA01,199,ALA,0.36007157
1a0hA01,200,LYS,0.3696558
1a0hA01,201,ALA,0.43829742
1a0hA01,202,LEU,0.531462
1a0hA01,203,SER,0.5873302
1a0hA01,204,LYS,0.63579565
1a0hA01,205,ASP,0.7201252
1a0hA01,206,GLN,0.69626606
1a0hA01,207,ASP,0.72320396
1a0hA01,208,PHE,0.6426242
1a0hA01,209,ASN,0.5710651
1a0hA01,210,PRO,0.5341775
1a0hA01,211,ALA,0.5726644
1a0hA01,212,VAL,0.49719495
1a0hA01,213,PRO,0.36825654
1a0hA01,214,LEU,0.27372608
1a0hA01,215,ALA,0.2367678
1a0hA01,216,GLU,0.23832002
1a0hA01,217,ASN,0.19854373
1a0hA01,218,PHE,0.16659248
1a0hA01,219,CYS,0.14151368
1a0hA01,220,ARG,0.16401124
1a0hA01,221,ASN,0.18777587
1a0hA01,222,PRO,0.24940427
1a0hA01,223,ASP,0.28036147
1a0hA01,224,GLY,0.29224938
1a0hA01,225,ASP,0.2681117
1a0hA01,226,GLU,0.27795804
1a0hA01,227,GLU,0.24651985
1a0hA01,228,GLY,0.17892
1a0hA01,229,ALA,0.14628477
1a0hA01,230,TRP,0.13554153
1a0hA01,231,CYS,0.13772568
1a0hA01,232,TYR,0.1591614
1a0hA01,233,VAL,0.16598687
1a0hA01,234,ALA,0.27667487
1a0hA01,235,ASP,0.39716846
1a0hA01,236,GLN,0.36712033
1a0hA01,237,PRO,0.37084585
1a0hA01,238,GLY,0.3317143
1a0hA01,239,ASP,0.24842715
1a0hA01,240,PHE,0.18098208
1a0hA01,241,GLU,0.14789827
1a0hA01,242,TYR,0.13929532
1a0hA01,243,CYS,0.12789099
1a0hA01,244,ASP,0.16431043
1a0hA01,245,LEU,0.17153376
1a0hA01,246,ASN,0.18705752
1a0hA01,247,TYR,0.21256423
1a0hA01,248,CYS,0.21865621
1a0hA01,249,GLU,0.32479802
1a0hA01,250,GLU,0.44441372
1a0hA01,251,PRO,0.6299997
1a0hA01,252,VAL,0.8279762
1a02F00,140,ARG,1.317963
1a02F00,141,ARG,1.1902449
1a02F00,142,ILE,1.1134636
1a02F00,143,ARG,1.0758435
1a02F00,144,ARG,1.0148594
1a02F00,145,GLU,1.0001034
1a02F00,146,ARG,0.97321147
1a02F00,147,ASN,0.9717967
1a02F00,148,LYS,0.9187995
1a02F00,149,MET,0.8520961
1a02F00,150,ALA,0.8806731
1a02F00,151,ALA,0.8951567
1a02F00,152,ALA,0.8462173
1a02F00,153,LYS,0.8468734
1a02F00,154,SER,0.80462664
1a02F00,155,ARG,0.79444605
1a02F00,156,ASN,0.8467802
1a02F00,157,ARG,0.84064853
1a02F00,158,ARG,0.80656016
1a02F00,159,ARG,0.8279751
1a02F00,160,GLU,0.93960345
1a02F00,161,LEU,0.88351977
1a02F00,162,THR,0.8751386
1a02F00,163,ASP,1.000094
1a02F00,164,THR,1.048143
1a02F00,165,LEU,0.9712542
1a02F00,166,GLN,0.9469576
1a02F00,167,ALA,0.9044735
1a02F00,168,GLU,0.8041283
1a02F00,169,THR,0.77898306
1a02F00,170,ASP,0.7489228
1a02F00,171,GLN,0.69348395
1a02F00,172,LEU,0.72194874
1a02F00,173,GLU,0.78271925
1a02F00,174,ASP,0.7699253
1a02F00,175,GLU,0.87902915
1a02F00,176,LYS,0.87315166
1a02F00,177,SER,0.8097297
1a02F00,178,ALA,0.8128153
1a02F00,179,LEU,0.7971341
1a02F00,180,GLN,0.78027856
1a02F00,181,THR,0.7521795
1a02F00,182,GLU,0.759284
1a02F00,183,ILE,0.7385743
1a02F00,184,ALA,0.7040084
1a02F00,185,ASN,0.7072022
1a02F00,186,LEU,0.74006623
1a02F00,187,LEU,0.77537394
1a02F00,188,LYS,0.8501407
1a02F00,189,GLU,0.9884647
1a02F00,190,LYS,1.1082617
1a02F00,191,GLU,1.2391131
1a02F00,192,LYS,1.3795688
153lA00,1,ARG,0.36421108
153lA00,2,THR,0.31902525
153lA00,3,ASP,0.17366855
153lA00,4,CYS,0.081719
153lA00,5,TYR,0.09075169
153lA00,6,GLY,0.09964571
153lA00,7,ASN,0.09840651
153lA00,8,VAL,0.068632826
153lA00,9,ASN,0.083256304
153lA00,10,ARG,0.08857283
153lA00,11,ILE,0.07031432
153lA00,12,ASP,0.07560384
153lA00,13,THR,0.054212004
153lA00,14,THR,0.058775365
153lA00,15,GLY,0.047041733
153lA00,16,ALA,0.046875622
153lA00,17,SER,0.055040397
153lA00,18,CYS,0.06434123
153lA00,19,LYS,0.07858099
153lA00,20,THR,0.064731486
153lA00,21,ALA,0.06659804
153lA00,22,LYS,0.09636288
153lA00,23,PRO,0.111229494
153lA00,24,GLU,0.10142913
153lA00,25,GLY,0.106370315
153lA00,26,LEU,0.083758466
153lA00,27,SER,0.10770553
153lA00,28,TYR,0.08558947
153lA00,29,CYS,0.058945227
153lA00,30,GLY,0.055719066
153lA00,31,VAL,0.053292572
153lA00,32,SER,0.06414441
153lA00,33,ALA,0.050745796
153lA00,34,SER,0.040779673
153lA00,35,LYS,0.049619664
153lA00,36,LYS,0.049835183
153lA00,37,ILE,0.048595913
153lA00,38,ALA,0.050202746
153lA00,39,GLU,0.05713282
153lA00,40,ARG,0.065227196
153lA00,41,ASP,0.059785128
153lA00,42,LEU,0.061003618
153lA00,43,GLN,0.07869904
153lA00,44,ALA,0.06932898
153lA00,45,MET,0.065069504
153lA00,46,ASP,0.072342955
153lA00,47,ARG,0.076325014
153lA00,48,TYR,0.062031794
153lA00,49,LYS,0.06553198
153lA00,50,THR,0.07372667
153lA00,51,ILE,0.06425202
153lA00,52,ILE,0.056652218
153lA00,53,LYS,0.062010657
153lA00,54,LYS,0.06632385
153lA00,55,VAL,0.057486612
153lA00,56,GLY,0.060194246
153lA00,57,GLU,0.07465669
153lA00,58,LYS,0.07378897
153lA00,59,LEU,0.0628761
153lA00,60,CYS,0.063955024
153lA00,61,VAL,0.059213735
153lA00,62,GLU,0.05628887
153lA00,63,PRO,0.05174138
153lA00,64,ALA,0.044160817
153lA00,65,VAL,0.04462909
153lA00,66,ILE,0.042034052
153lA00,67,ALA,0.039566897
153lA00,68,GLY,0.04072827
153lA00,69,ILE,0.041564696
153lA00,70,ILE,0.040289972
153lA00,71,SER,0.037747808
153lA00,72,ARG,0.04197576
153lA00,73,GLU,0.048725195
153lA00,74,SER,0.05518868
153lA00,75,HSP,0.058802724
153lA00,76,ALA,0.059856035
153lA00,77,GLY,0.068346985
153lA00,78,LYS,0.0835133
153lA00,79,VAL,0.09812808
153lA00,80,LEU,0.08293618
153lA00,81,LYS,0.10542588
153lA00,82,ASN,0.115913734
153lA00,83,GLY,0.08630089
153lA00,84,TRP,0.076365866
153lA00,85,GLY,0.09965784
153lA00,86,ASP,0.16357438
153lA00,87,ARG,0.17290887
153lA00,88,GLY,0.13636352
153lA00,89,ASN,0.14700404
153lA00,90,GLY,0.07757334
153lA00,91,PHE,0.060507607
153lA00,92,GLY,0.059190065
153lA00,93,LEU,0.056004964
153lA00,94,MET,0.058603667
153lA00,95,GLN,0.05970592
153lA00,96,VAL,0.06865824
153lA00,97,ASP,0.09706218
153lA00,98,LYS,0.1182438
153lA00,99,ARG,0.16819224
153lA00,100,SER,0.1660907
153lA00,101,HSD,0.1453705
153lA00,102,LYS,0.16319439
153lA00,103,PRO,0.17599793
153lA00,104,GLN,0.21555786
153lA00,105,GLY,0.24299932
153lA00,106,THR,0.17746408
153lA00,107,TRP,0.14416584
153lA00,108,ASN,0.15206489
153lA00,109,GLY,0.11413578
153lA00,110,GLU,0.081185155
153lA00,111,VAL,0.07859956
153lA00,112,HSE,0.07698245
153lA00,113,ILE,0.06117793
153lA00,114,THR,0.056857504
153lA00,115,GLN,0.0641106
153lA00,116,GLY,0.05996563
153lA00,117,THR,0.050668966
153lA00,118,THR,0.053913783
153lA00,119,ILE,0.058042563
153lA00,120,LEU,0.053590715
153lA00,121,ILE,0.05341723
153lA00,122,ASN,0.057549812
153lA00,123,PHE,0.055797707
153lA00,124,ILE,0.054891445
153lA00,125,LYS,0.064460285
153lA00,126,THR,0.065640904
153lA00,127,ILE,0.05635927
153lA00,128,GLN,0.06910786
153lA00,129,LYS,0.08705984
153lA00,130,LYS,0.08091211
153lA00,131,PHE,0.075189516
153lA00,132,PRO,0.10165491
153lA00,133,SER,0.10118542
153lA00,134,TRP,0.0779319
153lA00,135,THR,0.075843275
153lA00,136,LYS,0.0694631
153lA00,137,ASP,0.06553133
153lA00,138,GLN,0.057498105
153lA00,139,GLN,0.050150774
153lA00,140,LEU,0.04629426
153lA00,141,LYS,0.044098377
153lA00,142,GLY,0.048712708
153lA00,143,GLY,0.049620073
153lA00,144,ILE,0.04859931
153lA00,145,SER,0.051744692
153lA00,146,ALA,0.05581243
153lA00,147,TYR,0.06205566
153lA00,148,ASN,0.07860333
153lA00,149,ALA,0.092472434
153lA00,150,GLY,0.08206858
153lA00,151,ALA,0.08319804
153lA00,152,GLY,0.10370795
153lA00,153,ASN,0.10358445
153lA00,154,VAL,0.08216794
153lA00,155,ARG,0.10244962
153lA00,156,SER,0.12287649
153lA00,157,TYR,0.13062865
153lA00,158,ALA,0.16353576
153lA00,159,ARG,0.17816727
153lA00,160,MET,0.18522367
153lA00,161,ASP,0.2540256
153lA00,162,ILE,0.2517989
153lA00,163,GLY,0.2758404
153lA00,164,THR,0.2489593
153lA00,165,THR,0.24137549
153lA00,166,HSD,0.17388454
153lA00,167,ASP,0.08734667
153lA00,168,ASP,0.048409365
153lA00,169,TYR,0.046635658
153lA00,170,ALA,0.054686923
153lA00,171,ASN,0.041547306
153lA00,172,ASP,0.038111202
153lA00,173,VAL,0.03866939
153lA00,174,VAL,0.042081587
153lA00,175,ALA,0.03941984
153lA00,176,ARG,0.037494294
153lA00,177,ALA,0.041416965
153lA00,178,GLN,0.048025034
153lA00,179,TYR,0.04851568
153lA00,180,TYR,0.045360837
153lA00,181,LYS,0.052891664
153lA00,182,GLN,0.07463654
153lA00,183,HSD,0.08811128
153lA00,184,GLY,0.14035244
153lA00,185,TYR,0.1459794
16pkA02,199,TYR,0.50295705
16pkA02,200,PHE,0.44642836
16pkA02,201,ALA,0.3745583
16pkA02,202,LYS,0.32780007
16pkA02,203,VAL,0.3622904
16pkA02,204,LEU,0.34021345
16pkA02,205,GLY,0.24910352
16pkA02,206,ASN,0.18635844
16pkA02,207,PRO,0.13207284
16pkA02,208,PRO,0.10052143
16pkA02,209,ARG,0.08931941
16pkA02,210,PRO,0.06566579
16pkA02,211,LEU,0.057444643
16pkA02,212,VAL,0.05286952
16pkA02,213,ALA,0.053516794
16pkA02,214,ILE,0.04908226
16pkA02,215,VAL,0.052790284
16pkA02,216,GLY,0.05895076
16pkA02,217,GLY,0.06745543
16pkA02,218,ALA,0.088171795
16pkA02,219,LYS,0.10229023
16pkA02,220,VAL,0.094280764
16pkA02,221,SER,0.102871835
16pkA02,222,ASP,0.13499957
16pkA02,223,LYS,0.10111012
16pkA02,224,ILE,0.082007006
16pkA02,225,GLN,0.10345425
16pkA02,226,LEU,0.10266391
16pkA02,227,LEU,0.08152525
16pkA02,228,ASP,0.0854972
16pkA02,229,ASN,0.10154287
16pkA02,230,MET,0.09155224
16pkA02,231,LEU,0.08242762
16pkA02,232,GLN,0.09688111
16pkA02,233,ARG,0.081394635
16pkA02,234,ILE,0.06330159
16pkA02,235,ASP,0.060265206
16pkA02,236,TYR,0.054108985
16pkA02,237,LEU,0.05141601
16pkA02,238,LEU,0.047793187
16pkA02,239,ILE,0.053963564
16pkA02,240,GLY,0.057624597
16pkA02,241,GLY,0.06892801
16pkA02,242,ALA,0.08353064
16pkA02,243,MET,0.07725014
16pkA02,244,ALA,0.053417582
16pkA02,245,TYR,0.047444727
16pkA02,246,THR,0.056836374
16pkA02,247,PHE,0.052543532
16pkA02,248,LEU,0.053609885
16pkA02,249,LYS,0.06291784
16pkA02,250,ALA,0.07581815
16pkA02,251,GLN,0.089445814
16pkA02,252,GLY,0.096278
16pkA02,253,TYR,0.07651329
16pkA02,254,SER,0.07564449
16pkA02,255,ILE,0.05960227
16pkA02,256,GLY,0.072574794
16pkA02,257,LYS,0.074505486
16pkA02,258,SER,0.06274267
16pkA02,259,LYS,0.08591464
16pkA02,260,CYS,0.08812016
16pkA02,261,GLU,0.08532126
16pkA02,262,GLU,0.098837264
16pkA02,263,SER,0.10666641
16pkA02,264,LYS,0.08830526
16pkA02,265,LEU,0.080278
16pkA02,266,GLU,0.08737548
16pkA02,267,PHE,0.080454715
16pkA02,268,ALA,0.06749162
16pkA02,269,ARG,0.076027945
16pkA02,270,SER,0.08165525
16pkA02,271,LEU,0.07061206
16pkA02,272,LEU,0.07221917
16pkA02,273,LYS,0.08505526
16pkA02,274,LYS,0.08032914
16pkA02,275,ALA,0.073726535
16pkA02,276,GLU,0.09602449
16pkA02,277,ASP,0.10463643
16pkA02,278,ARG,0.09401023
16pkA02,279,LYS,0.09148066
16pkA02,280,VAL,0.063336566
16pkA02,281,GLN,0.061122753
16pkA02,282,VAL,0.059069626
16pkA02,283,ILE,0.060268916
16pkA02,284,LEU,0.08480977
16pkA02,285,PRO,0.061362248
16pkA02,286,ILE,0.06627786
16pkA02,287,ASP,0.04704398
16pkA02,288,HSE,0.04304246
16pkA02,289,VAL,0.043459274
16pkA02,290,CYS,0.051280756
16pkA02,291,HSD,0.059136283
16pkA02,292,THR,0.073183775
16pkA02,293,GLU,0.09029336
16pkA02,294,PHE,0.09041667
16pkA02,295,LYS,0.09111597
16pkA02,296,ALA,0.089397684
16pkA02,297,VAL,0.09466508
16pkA02,298,ASP,0.12294209
16pkA02,299,SER,0.111291274
16pkA02,300,PRO,0.090104245
16pkA02,301,LEU,0.074005894
16pkA02,302,ILE,0.06270753
16pkA02,303,THR,0.06403007
16pkA02,304,GLU,0.11821245
16pkA02,305,ASP,0.09981996
16pkA02,306,GLN,0.11668064
16pkA02,307,ASN,0.087880686
16pkA02,308,ILE,0.069096334
16pkA02,309,PRO,0.08297031
16pkA02,310,GLU,0.09863707
16pkA02,311,GLY,0.087300256
16pkA02,312,HSD,0.065196134
16pkA02,313,MET,0.05926033
16pkA02,314,ALA,0.047874615
16pkA02,315,LEU,0.051899355
16pkA02,316,ASP,0.045199353
16pkA02,317,ILE,0.05131216
16pkA02,318,GLY,0.052620836
16pkA02,319,PRO,0.066563204
16pkA02,320,LYS,0.059293352
16pkA02,321,THR,0.047475982
16pkA02,322,ILE,0.052839745
16pkA02,323,GLU,0.058209978
16pkA02,324,LYS,0.05385108
16pkA02,325,TYR,0.047922634
16pkA02,326,VAL,0.05420181
16pkA02,327,GLN,0.061218858
16pkA02,328,THR,0.057848297
16pkA02,329,ILE,0.060411286
16pkA02,330,GLY,0.07050696
16pkA02,331,LYS,0.07703157
16pkA02,332,CYS,0.065955475
16pkA02,333,LYS,0.065955
16pkA02,334,SER,0.059524268
16pkA02,335,ALA,0.056765296
16pkA02,336,ILE,0.055956353
16pkA02,337,TRP,0.051192828
16pkA02,338,ASN,0.06005587
16pkA02,339,GLY,0.06355278
16pkA02,340,PRO,0.054400187
16pkA02,341,MET,0.050614566
16pkA02,342,GLY,0.060553383
16pkA02,343,VAL,0.059549622
16pkA02,344,PHE,0.070009425
16pkA02,345,GLU,0.08942843
16pkA02,346,MET,0.07349014
16pkA02,347,VAL,0.08555768
16pkA02,348,PRO,0.079275824
16pkA02,349,TYR,0.056435544
16pkA02,350,SER,0.057899468
16pkA02,351,LYS,0.06332873
16pkA02,352,GLY,0.057295375
16pkA02,353,THR,0.049688645
16pkA02,354,PHE,0.055547494
16pkA02,355,ALA,0.06301782
16pkA02,356,ILE,0.06411435
16pkA02,357,ALA,0.058912985
16pkA02,358,LYS,0.06261464
16pkA02,359,ALA,0.070800036
16pkA02,360,MET,0.06519993
16pkA02,361,GLY,0.06959294
16pkA02,362,ARG,0.080265984
16pkA02,363,GLY,0.09196937
16pkA02,364,THR,0.08381957
16pkA02,365,HSD,0.14320864
16pkA02,366,GLU,0.14379588
16pkA02,367,HSD,0.130829
16pkA02,368,GLY,0.102692984
16pkA02,369,LEU,0.067610346
16pkA02,370,MET,0.065364584
16pkA02,371,SER,0.06478615
16pkA02,372,ILE,0.06533323
16pkA02,373,ILE,0.0707628
16pkA02,374,GLY,0.10048763
16pkA02,375,GLY,0.1574747
16pkA02,376,GLY,0.118523404
16pkA02,377,ASP,0.099942386
16pkA02,378,SER,0.07551932
16pkA02,379,ALA,0.079092875
16pkA02,380,SER,0.08791656
16pkA02,381,ALA,0.08715731
16pkA02,382,ALA,0.080971465
16pkA02,383,GLU,0.09008143
16pkA02,384,LEU,0.1045382
16pkA02,385,SER,0.10633942
16pkA02,386,GLY,0.10524771
16pkA02,387,GLU,0.090614244
16pkA02,388,ALA,0.094654165
16pkA02,389,LYS,0.11806971
16pkA02,390,ARG,0.11502427
16pkA02,391,MET,0.103395976
16pkA02,392,SER,0.15051182
16pkA02,393,HSD,0.14110075
16pkA02,394,VAL,0.12905818
16pkA02,395,SER,0.19318101
16pkA02,396,THR,0.2705918
16pkA02,397,GLY,0.33350763
16pkA02,398,GLY,0.38624096
16pkA02,399,GLY,0.38323164
16pkA02,400,ALA,0.34763032
16pkA02,401,SER,0.30487528
16pkA02,402,LEU,0.28594127
16pkA02,403,GLU,0.3162375
16pkA02,404,LEU,0.34118763
16pkA02,405,LEU,0.3570515
16pkA02,406,GLU,0.46193552
12asA00,4,ALA,0.6773556
12asA00,5,TYR,0.51419467
12asA00,6,ILE,0.44707114
12asA00,7,ALA,0.36269513
12asA00,8,LYS,0.2537519
12asA00,9,GLN,0.18889752
12asA00,10,ARG,0.15797159
12asA00,11,GLN,0.1435346
12asA00,12,ILE,0.14255837
12asA00,13,SER,0.13885935
12asA00,14,PHE,0.1272519
12asA00,15,VAL,0.114867255
12asA00,16,LYS,0.11975862
12asA00,17,SER,0.12248097
12asA00,18,HSE,0.107712135
12asA00,19,PHE,0.09674227
12asA00,20,SER,0.10971254
12asA00,21,ARG,0.11254597
12asA00,22,GLN,0.1034963
12asA00,23,LEU,0.1044326
12asA00,24,GLU,0.124919035
12asA00,25,GLU,0.14364943
12asA00,26,ARG,0.13673279
12asA00,27,LEU,0.11760243
12asA00,28,GLY,0.12210314
12asA00,29,LEU,0.11022054
12asA00,30,ILE,0.122631826
12asA00,31,GLU,0.12361517
12asA00,32,VAL,0.13427584
12asA00,33,GLN,0.15646076
12asA00,34,ALA,0.18522418
12asA00,35,PRO,0.16867784
12asA00,36,ILE,0.23850767
12asA00,37,LEU,0.23050773
12asA00,38,SER,0.24519329
12asA00,39,ARG,0.33670345
12asA00,40,VAL,0.42177048
12asA00,41,GLY,0.51814306
12asA00,42,ASP,0.6212164
12asA00,43,GLY,0.7441576
12asA00,44,THR,0.78047717
12asA00,45,GLN,0.7751668
12asA00,46,ASP,0.79715407
12asA00,47,ASN,0.7718326
12asA00,48,LEU,0.8508297
12asA00,49,SER,0.90646935
12asA00,50,GLY,0.92427856
12asA00,51,ALA,0.9056479
12asA00,52,GLU,0.84065306
12asA00,53,LYS,0.75113785
12asA00,54,ALA,0.7146151
12asA00,55,VAL,0.6459471
12asA00,56,GLN,0.6476449
12asA00,57,VAL,0.6417857
12asA00,58,LYS,0.7326869
12asA00,59,VAL,0.7374385
12asA00,60,LYS,0.8059521
12asA00,61,ALA,0.8105448
12asA00,62,LEU,0.734578
12asA00,63,PRO,0.7828414
12asA00,64,ASP,0.7350423
12asA00,65,ALA,0.58226526
12asA00,66,GLN,0.5053999
12asA00,67,PHE,0.40329376
12asA00,68,GLU,0.32351512
12asA00,69,VAL,0.2600015
12asA00,70,VAL,0.22884789
12asA00,71,HSE,0.2615901
12asA00,72,SER,0.22263925
12asA00,73,LEU,0.1634525
12asA00,74,ALA,0.17014597
12asA00,75,LYS,0.1463202
12asA00,76,TRP,0.13521527
12asA00,77,LYS,0.12420647
12asA00,78,ARG,0.1162502
12asA00,79,GLN,0.13416305
12asA00,80,THR,0.13220878
12asA00,81,LEU,0.123635635
12asA00,82,GLY,0.14224055
12asA00,83,GLN,0.1597801
12asA00,84,HSD,0.16717398
12asA00,85,ASP,0.18603465
12asA00,86,PHE,0.14790647
12asA00,87,SER,0.15688607
12asA00,88,ALA,0.13878565
12asA00,89,GLY,0.12392161
12asA00,90,GLU,0.1203775
12asA00,91,GLY,0.10569481
12asA00,92,LEU,0.108020745
12asA00,93,TYR,0.107526064
12asA00,94,THR,0.12390411
12asA00,95,HSD,0.13541028
12asA00,96,MET,0.15387623
12asA00,97,LYS,0.16706808
12asA00,98,ALA,0.1897918
12asA00,99,LEU,0.21974254
12asA00,100,ARG,0.24147487
12asA00,101,PRO,0.33393976
12asA00,102,ASP,0.3770345
12asA00,103,GLU,0.37706298
12asA00,104,ASP,0.44469404
12asA00,105,ARG,0.47336203
12asA00,106,LEU,0.43509093
12asA00,107,SER,0.39409596
12asA00,108,PRO,0.4526294
12asA00,109,LEU,0.44983965
12asA00,110,HSE,0.34120566
12asA00,111,SER,0.24851537
12asA00,112,VAL,0.22309482
12asA00,113,TYR,0.19283302
12asA00,114,VAL,0.1610448
12asA00,115,ASP,0.13212138
12asA00,116,GLN,0.11534406
12asA00,117,TRP,0.10441315
12asA00,118,ASP,0.10114054
12asA00,119,TRP,0.094412014
12asA00,120,GLU,0.09391789
12asA00,121,ARG,0.09419103
12asA00,122,VAL,0.1013844
12asA00,123,MET,0.10595634
12asA00,124,GLY,0.13944262
12asA00,125,ASP,0.18610905
12asA00,126,GLY,0.16925912
12asA00,127,GLU,0.13083501
12asA00,128,ARG,0.11725368
12asA00,129,GLN,0.107771195
12asA00,130,PHE,0.09854283
12asA00,131,SER,0.09996153
12asA00,132,THR,0.090336815
12asA00,133,LEU,0.07716046
12asA00,134,LYS,0.07761298
12asA00,135,SER,0.082115985
12asA00,136,THR,0.07181341
12asA00,137,VAL,0.06738979
12asA00,138,GLU,0.07496482
12asA00,139,ALA,0.079420775
12asA00,140,ILE,0.07323494
12asA00,141,TRP,0.07159854
12asA00,142,ALA,0.08269484
12asA00,143,GLY,0.08418047
12asA00,144,ILE,0.08038097
12asA00,145,LYS,0.08704351
12asA00,146,ALA,0.094069794
12asA00,147,THR,0.09512097
12asA00,148,GLU,0.10049442
12asA00,149,ALA,0.11257993
12asA00,150,ALA,0.11871769
12asA00,151,VAL,0.12596168
12asA00,152,SER,0.13997613
12asA00,153,GLU,0.15572202
12asA00,154,GLU,0.15680394
12asA00,155,PHE,0.15878627
12asA00,156,GLY,0.16547187
12asA00,157,LEU,0.15521179
12asA00,158,ALA,0.16016838
12asA00,159,PRO,0.13720587
12asA00,160,PHE,0.13557646
12asA00,161,LEU,0.11792294
12asA00,162,PRO,0.122637846
12asA00,163,ASP,0.12687168
12asA00,164,GLN,0.122694656
12asA00,165,ILE,0.08781743
12asA00,166,HSD,0.08959501
12asA00,167,PHE,0.08356837
12asA00,168,VAL,0.091937885
12asA00,169,HSE,0.10264935
12asA00,170,SER,0.12169719
12asA00,171,GLN,0.15831861
12asA00,172,GLU,0.15782122
12asA00,173,LEU,0.14872047
12asA00,174,LEU,0.18191913
12asA00,175,SER,0.20479858
12asA00,176,ARG,0.18917961
12asA00,177,TYR,0.19247146
12asA00,178,PRO,0.2314651
12asA00,179,ASP,0.25207824
12asA00,180,LEU,0.21168776
12asA00,181,ASP,0.21501394
12asA00,182,ALA,0.20026346
12asA00,183,LYS,0.19301987
12asA00,184,GLY,0.17971525
12asA00,185,ARG,0.15772632
12asA00,186,GLU,0.14461944
12asA00,187,ARG,0.14918497
12asA00,188,ALA,0.1464841
12asA00,189,ILE,0.12539738
12asA00,190,ALA,0.11463487
12asA00,191,LYS,0.13725781
12asA00,192,ASP,0.14466156
12asA00,193,LEU,0.12050407
12asA00,194,GLY,0.11478703
12asA00,195,ALA,0.09191483
12asA00,196,VAL,0.078972176
12asA00,197,PHE,0.06849228
12asA00,198,LEU,0.075337805
12asA00,199,VAL,0.08304496
12asA00,200,GLY,0.11280532
12asA00,201,ILE,0.14017971
12asA00,202,GLY,0.21078749
12asA00,203,GLY,0.2506868
12asA00,204,LYS,0.32829684
12asA00,205,LEU,0.41934147
12asA00,206,SER,0.53025347
12asA00,207,ASP,0.56435364
12asA00,208,GLY,0.6104379
12asA00,209,HSD,0.51367086
12asA00,210,ARG,0.4199288
12asA00,211,HSP,0.38170493
12asA00,212,ASP,0.28809887
12asA00,213,VAL,0.23833847
12asA00,214,ARG,0.17402166
12asA00,215,ALA,0.1543486
12asA00,216,PRO,0.1476339
12asA00,217,ASP,0.14413503
12asA00,218,TYR,0.13073081
12asA00,219,ASP,0.12746337
12asA00,220,ASP,0.11791978
12asA00,221,TRP,0.15195462
12asA00,222,SER,0.1819885
12asA00,223,THR,0.17236735
12asA00,224,PRO,0.19621667
12asA00,225,SER,0.18242161
12asA00,226,GLU,0.25492483
12asA00,227,LEU,0.2854491
12asA00,228,GLY,0.2853654
12asA00,229,HSD,0.18886055
12asA00,230,ALA,0.14212982
12asA00,231,GLY,0.11640477
12asA00,232,LEU,0.08759396
12asA00,233,ASN,0.08601481
12asA00,234,GLY,0.07727076
12asA00,235,ASP,0.07563456
12asA00,236,ILE,0.0714872
12asA00,237,LEU,0.08366514
12asA00,238,VAL,0.09205779
12asA00,239,TRP,0.11128167
12asA00,240,ASN,0.1380353
12asA00,241,PRO,0.1695769
12asA00,242,VAL,0.19070494
12asA00,243,LEU,0.19177705
12asA00,244,GLU,0.16923451
12asA00,245,ASP,0.15852737
12asA00,246,ALA,0.13210951
12asA00,247,PHE,0.124078706
12asA00,248,GLU,0.10287094
12asA00,249,LEU,0.09538633
12asA00,250,SER,0.08814641
12asA00,251,SER,0.08881625
12asA00,252,MET,0.08140688
12asA00,253,GLY,0.08248441
12asA00,254,ILE,0.083073735
12asA00,255,ARG,0.09290953
12asA00,256,VAL,0.10763017
12asA00,257,ASP,0.12290643
12asA00,258,ALA,0.14406171
12asA00,259,ASP,0.16435255
12asA00,260,THR,0.14459342
12asA00,261,LEU,0.14080699
12asA00,262,LYS,0.16681963
12asA00,263,HSD,0.17576145
12asA00,264,GLN,0.16689447
12asA00,265,LEU,0.17789714
12asA00,266,ALA,0.20777075
12asA00,267,LEU,0.22179103
12asA00,268,THR,0.23000698
12asA00,269,GLY,0.23704028
12asA00,270,ASP,0.21866095
12asA00,271,GLU,0.21479574
12asA00,272,ASP,0.22288468
12asA00,273,ARG,0.19197544
12asA00,274,LEU,0.18498906
12asA00,275,GLU,0.20540039
12asA00,276,LEU,0.18706384
12asA00,277,GLU,0.18092526
12asA00,278,TRP,0.15571797
12asA00,279,HSE,0.14858621
12asA00,280,GLN,0.16230199
12asA00,281,ALA,0.15547708
12asA00,282,LEU,0.14061658
12asA00,283,LEU,0.15952358
12asA00,284,ARG,0.17093213
12asA00,285,GLY,0.16273095
12asA00,286,GLU,0.16146776
12asA00,287,MET,0.13831303
12asA00,288,PRO,0.12057193
12asA00,289,GLN,0.10824875
12asA00,290,THR,0.09430237
12asA00,291,ILE,0.08320138
12asA00,292,GLY,0.09099479
12asA00,293,GLY,0.092531666
12asA00,294,GLY,0.0935437
12asA00,295,ILE,0.08808663
12asA00,296,GLY,0.104535624
12asA00,297,GLN,0.10919513
12asA00,298,SER,0.12441961
12asA00,299,ARG,0.1120245
12asA00,300,LEU,0.09620788
12asA00,301,THR,0.11306975
12asA00,302,MET,0.12608193
12asA00,303,LEU,0.11274254
12asA00,304,LEU,0.11129878
12asA00,305,LEU,0.12827125
12asA00,306,GLN,0.14039132
12asA00,307,LEU,0.15672623
12asA00,308,PRO,0.18910064
12asA00,309,HSD,0.20255308
12asA00,310,ILE,0.19957648
12asA00,311,GLY,0.24348915
12asA00,312,GLN,0.22970049
12asA00,313,VAL,0.2077967
12asA00,314,GLN,0.26242244
12asA00,315,ALA,0.33483928
12asA00,316,GLY,0.4114551
12asA00,317,VAL,0.45699573
12asA00,318,TRP,0.46234232
12asA00,319,PRO,0.61042875
12asA00,320,ALA,0.6954776
12asA00,321,ALA,0.78439283
12asA00,322,VAL,0.78817165
12asA00,323,ARG,0.82249194
12asA00,324,GLU,0.8993557
12asA00,325,SER,0.96777725
12asA00,326,VAL,0.9385699
12asA00,327,PRO,1.0199461
12asA00,328,SER,1.0597848
12asA00,329,LEU,1.0798047
12asA00,330,LEU,1.168252
1a05A00,1,MET,0.19847065
1a05A00,2,LYS,0.1458125
1a05A00,3,LYS,0.12267162
1a05A00,4,ILE,0.094848126
1a05A00,5,ALA,0.08513422
1a05A00,6,ILE,0.07995118
1a05A00,7,PHE,0.08672713
1a05A00,8,ALA,0.090793476
1a05A00,9,GLY,0.11116873
1a05A00,10,ASP,0.123620406
1a05A00,11,GLY,0.13384198
1a05A00,12,ILE,0.113214076
1a05A00,13,GLY,0.09857856
1a05A00,14,PRO,0.09823582
1a05A00,15,GLU,0.09688598
1a05A00,16,ILE,0.078220725
1a05A00,17,VAL,0.07333111
1a05A00,18,ALA,0.08913736
1a05A00,19,ALA,0.08370247
1a05A00,20,ALA,0.07305293
1a05A00,21,ARG,0.084930934
1a05A00,22,GLN,0.098988995
1a05A00,23,VAL,0.09447638
1a05A00,24,LEU,0.101315245
1a05A00,25,ASP,0.11732231
1a05A00,26,ALA,0.12664011
1a05A00,27,VAL,0.12654504
1a05A00,28,ASP,0.1355123
1a05A00,29,GLN,0.16320175
1a05A00,30,ALA,0.17432538
1a05A00,31,ALA,0.17619893
1a05A00,32,HSD,0.18225941
1a05A00,33,LEU,0.15740357
1a05A00,34,GLY,0.15812454
1a05A00,35,LEU,0.13259283
1a05A00,36,ARG,0.13499424
1a05A00,37,CYS,0.108339466
1a05A00,38,THR,0.10495025
1a05A00,39,GLU,0.09812994
1a05A00,40,GLY,0.10651499
1a05A00,41,LEU,0.11741792
1a05A00,42,VAL,0.12200674
1a05A00,43,GLY,0.1462179
1a05A00,44,GLY,0.16975668
1a05A00,45,ALA,0.17938808
1a05A00,46,ALA,0.15837468
1a05A00,47,LEU,0.18249324
1a05A00,48,ASP,0.22256584
1a05A00,49,ALA,0.24147677
1a05A00,50,SER,0.22340879
1a05A00,51,ASP,0.2224575
1a05A00,52,ASP,0.18559739
1a05A00,53,PRO,0.157674
1a05A00,54,LEU,0.14036062
1a05A00,55,PRO,0.15164301
1a05A00,56,ALA,0.15924595
1a05A00,57,ALA,0.1443203
1a05A00,58,SER,0.12240684
1a05A00,59,LEU,0.13158402
1a05A00,60,GLN,0.1344577
1a05A00,61,LEU,0.11486522
1a05A00,62,ALA,0.11339438
1a05A00,63,MET,0.13824014
1a05A00,64,ALA,0.13647005
1a05A00,65,ALA,0.119456686
1a05A00,66,ASP,0.13146913
1a05A00,67,ALA,0.10789232
1a05A00,68,VAL,0.09173787
1a05A00,69,ILE,0.07563745
1a05A00,70,LEU,0.08468117
1a05A00,71,GLY,0.08817896
1a05A00,72,ALA,0.11150668
1a05A00,73,VAL,0.13424411
1a05A00,74,GLY,0.18286774
1a05A00,75,GLY,0.21658047
1a05A00,76,PRO,0.25156754
1a05A00,77,ARG,0.24257061
1a05A00,78,TRP,0.21880718
1a05A00,79,ASP,0.25865778
1a05A00,80,ALA,0.27558556
1a05A00,81,TYR,0.23785377
1a05A00,82,PRO,0.25313202
1a05A00,83,PRO,0.2470537
1a05A00,84,ALA,0.22629468
1a05A00,85,LYS,0.20358706
1a05A00,86,ARG,0.1833694
1a05A00,87,PRO,0.15995927
1a05A00,88,GLU,0.1726462
1a05A00,89,GLN,0.17706901
1a05A00,90,GLY,0.15584019
1a05A00,91,LEU,0.1438397
1a05A00,92,LEU,0.15709344
1a05A00,93,ARG,0.15288968
1a05A00,94,LEU,0.13505986
1a05A00,95,ARG,0.14249513
1a05A00,96,LYS,0.15757355
1a05A00,97,GLY,0.14648145
1a05A00,98,LEU,0.12423483
1a05A00,99,ASP,0.121451296
1a05A00,100,LEU,0.105604015
1a05A00,101,TYR,0.101918995
1a05A00,102,ALA,0.09581765
1a05A00,103,ASN,0.08483842
1a05A00,104,LEU,0.0791865
1a05A00,105,ARG,0.08581348
1a05A00,106,PRO,0.091134496
1a05A00,107,ALA,0.10526057
1a05A00,108,GLN,0.12955791
1a05A00,109,ILE,0.13169108
1a05A00,110,PHE,0.124894045
1a05A00,111,PRO,0.16630545
1a05A00,112,GLN,0.16050394
1a05A00,113,LEU,0.17101327
1a05A00,114,LEU,0.23367664
1a05A00,115,ASP,0.26272398
1a05A00,116,ALA,0.33659446
1a05A00,117,SER,0.31088012
1a05A00,118,PRO,0.3502754
1a05A00,119,LEU,0.32250738
1a05A00,120,ARG,0.30863443
1a05A00,121,PRO,0.28004164
1a05A00,122,GLU,0.2903924
1a05A00,123,LEU,0.24700144
1a05A00,124,VAL,0.22626498
1a05A00,125,ARG,0.2336595
1a05A00,126,ASP,0.19484021
1a05A00,127,VAL,0.14908318
1a05A00,128,ASP,0.12013316
1a05A00,129,ILE,0.090263404
1a05A00,130,LEU,0.0779756
1a05A00,131,VAL,0.07432383
1a05A00,132,VAL,0.07155029
1a05A00,133,ARG,0.08964588
1a05A00,134,GLU,0.09925515
1a05A00,135,LEU,0.11426096
1a05A00,136,THR,0.15447672
1a05A00,137,GLY,0.19067046
1a05A00,138,ASP,0.22002295
1a05A00,139,ILE,0.2990505
1a05A00,140,TYR,0.32336783
1a05A00,141,PHE,0.38272014
1a05A00,142,GLY,0.5216568
1a05A00,143,GLN,0.6024582
1a05A00,144,PRO,0.6580596
1a05A00,145,ARG,0.5788152
1a05A00,146,GLY,0.6574439
1a05A00,147,LEU,0.78298616
1a05A00,148,GLU,0.85516965
1a05A00,149,VAL,0.97884303
1a05A00,150,ILE,1.0565099
1a05A00,151,ASP,1.1956183
1a05A00,152,GLY,1.1809318
1a05A00,153,LYS,1.0019352
1a05A00,154,ARG,0.8275291
1a05A00,155,ARG,0.6815437
1a05A00,156,GLY,0.5508939
1a05A00,157,PHE,0.47922564
1a05A00,158,ASN,0.4001878
1a05A00,159,THR,0.33970696
1a05A00,160,MET,0.30122077
1a05A00,161,VAL,0.23990043
1a05A00,162,TYR,0.18524142
1a05A00,163,ASP,0.16765988
1a05A00,164,GLU,0.15506557
1a05A00,165,ASP,0.14793834
1a05A00,166,GLU,0.12978652
1a05A00,167,ILE,0.113082014
1a05A00,168,ARG,0.116523124
1a05A00,169,ARG,0.11386944
1a05A00,170,ILE,0.09171047
1a05A00,171,ALA,0.09323429
1a05A00,172,HSE,0.10822523
1a05A00,173,VAL,0.10071413
1a05A00,174,ALA,0.08583858
1a05A00,175,PHE,0.10011621
1a05A00,176,ARG,0.119182706
1a05A00,177,ALA,0.11028101
1a05A00,178,ALA,0.10643824
1a05A00,179,GLN,0.13622326
1a05A00,180,GLY,0.1538568
1a05A00,181,ARG,0.13428669
1a05A00,182,ARG,0.13331409
1a05A00,183,LYS,0.12910756
1a05A00,184,GLN,0.11205226
1a05A00,185,LEU,0.08777718
1a05A00,186,CYS,0.082214475
1a05A00,187,SER,0.08527301
1a05A00,188,VAL,0.10503769
1a05A00,189,ASP,0.16422032
1a05A00,190,LYS,0.19572493
1a05A00,191,ALA,0.2556728
1a05A00,192,ASN,0.29555103
1a05A00,193,VAL,0.32959136
1a05A00,194,LEU,0.30631977
1a05A00,195,GLU,0.27738047
1a05A00,196,THR,0.24393232
1a05A00,197,THR,0.22242275
1a05A00,198,ARG,0.1980983
1a05A00,199,LEU,0.16940756
1a05A00,200,TRP,0.13837801
1a05A00,201,ARG,0.13917553
1a05A00,202,GLU,0.15397578
1a05A00,203,VAL,0.13753672
1a05A00,204,VAL,0.12063806
1a05A00,205,THR,0.14074767
1a05A00,206,GLU,0.15546176
1a05A00,207,VAL,0.1397545
1a05A00,208,ALA,0.1388936
1a05A00,209,ARG,0.1685464
1a05A00,210,ASP,0.17085229
1a05A00,211,TYR,0.15364902
1a05A00,212,PRO,0.17278937
1a05A00,213,ASP,0.16786286
1a05A00,214,VAL,0.13034058
1a05A00,215,ARG,0.12600045
1a05A00,216,LEU,0.10969522
1a05A00,217,SER,0.10991101
1a05A00,218,HSD,0.12481506
1a05A00,219,MET,0.13496628
1a05A00,220,TYR,0.14985867
1a05A00,221,VAL,0.1541472
1a05A00,222,ASP,0.18527311
1a05A00,223,ASN,0.16892989
1a05A00,224,ALA,0.15690361
1a05A00,225,ALA,0.17998862
1a05A00,226,MET,0.17466128
1a05A00,227,GLN,0.14571232
1a05A00,228,LEU,0.13927889
1a05A00,229,ILE,0.18417676
1a05A00,230,ARG,0.18320975
1a05A00,231,ALA,0.15812989
1a05A00,232,PRO,0.14093664
1a05A00,233,ALA,0.14957987
1a05A00,234,GLN,0.13762915
1a05A00,235,PHE,0.1013177
1a05A00,236,ASP,0.08968602
1a05A00,237,VAL,0.07625094
1a05A00,238,LEU,0.071120486
1a05A00,239,LEU,0.07028283
1a05A00,240,THR,0.08788129
1a05A00,241,GLY,0.11277144
1a05A00,242,ASN,0.15363315
1a05A00,243,MET,0.1893007
1a05A00,244,PHE,0.15028366
1a05A00,245,GLY,0.14249922
1a05A00,246,ASP,0.15058443
1a05A00,247,ILE,0.15065947
1a05A00,248,LEU,0.12632272
1a05A00,249,SER,0.13840553
1a05A00,250,ASP,0.14762673
1a05A00,251,GLU,0.13565193
1a05A00,252,ALA,0.12735705
1a05A00,253,SER,0.14009844
1a05A00,254,GLN,0.15880981
1a05A00,255,LEU,0.15228862
1a05A00,256,THR,0.14519885
1a05A00,257,GLY,0.16312192
1a05A00,258,SER,0.14434655
1a05A00,259,ILE,0.1275735
1a05A00,260,GLY,0.12743779
1a05A00,261,MET,0.12000342
1a05A00,262,LEU,0.097084485
1a05A00,263,PRO,0.08811977
1a05A00,264,SER,0.103345335
1a05A00,265,ALA,0.09079655
1a05A00,266,SER,0.0860417
1a05A00,267,LEU,0.089119315
1a05A00,268,GLY,0.117158234
1a05A00,269,GLU,0.16149528
1a05A00,270,GLY,0.15622273
1a05A00,271,ARG,0.11532444
1a05A00,272,ALA,0.096910335
1a05A00,273,MET,0.09237211
1a05A00,274,TYR,0.07980181
1a05A00,275,GLU,0.089701995
1a05A00,276,PRO,0.085986055
1a05A00,277,ILE,0.11608678
1a05A00,278,HSD,0.12493068
1a05A00,279,GLY,0.16374104
1a05A00,280,SER,0.17328198
1a05A00,281,ALA,0.17449573
1a05A00,282,PRO,0.1845071
1a05A00,283,ASP,0.20084636
1a05A00,284,ILE,0.17074446
1a05A00,285,ALA,0.1551482
1a05A00,286,GLY,0.16595845
1a05A00,287,GLN,0.17230359
1a05A00,288,ASP,0.15078707
1a05A00,289,LYS,0.14652315
1a05A00,290,ALA,0.1177279
1a05A00,291,ASN,0.09526794
1a05A00,292,PRO,0.07390525
1a05A00,293,LEU,0.07481249
1a05A00,294,ALA,0.06985422
1a05A00,295,THR,0.06029144
1a05A00,296,ILE,0.060871422
1a05A00,297,LEU,0.0672896
1a05A00,298,SER,0.0691326
1a05A00,299,VAL,0.0735564
1a05A00,300,ALA,0.08463011
1a05A00,301,MET,0.08777658
1a05A00,302,MET,0.08315525
1a05A00,303,LEU,0.101574555
1a05A00,304,ARG,0.12217033
1a05A00,305,HSD,0.1248707
1a05A00,306,SER,0.1131922
1a05A00,307,LEU,0.12835535
1a05A00,308,ASN,0.15548061
1a05A00,309,ALA,0.14626746
1a05A00,310,GLU,0.14922848
1a05A00,311,PRO,0.15719861
1a05A00,312,TRP,0.13577901
1a05A00,313,ALA,0.11834351
1a05A00,314,GLN,0.12650506
1a05A00,315,ARG,0.12520552
1a05A00,316,VAL,0.10073147
1a05A00,317,GLU,0.1012673
1a05A00,318,ALA,0.11377151
1a05A00,319,ALA,0.1046776
1a05A00,320,VAL,0.09354699
1a05A00,321,GLN,0.10345228
1a05A00,322,ARG,0.1096101
1a05A00,323,VAL,0.09956573
1a05A00,324,LEU,0.09848727
1a05A00,325,ASP,0.115885004
1a05A00,326,GLN,0.12733284
1a05A00,327,GLY,0.1315864
1a05A00,328,LEU,0.12493734
1a05A00,329,ARG,0.12456093
1a05A00,330,THR,0.12907514
1a05A00,331,ALA,0.15804127
1a05A00,332,ASP,0.18899217
1a05A00,333,ILE,0.17263556
1a05A00,334,ALA,0.16034052
1a05A00,335,ALA,0.23925631
1a05A00,336,PRO,0.32591817
1a05A00,337,GLY,0.342775
1a05A00,338,THR,0.2559484
1a05A00,339,PRO,0.22373441
1a05A00,340,VAL,0.15986836
1a05A00,341,ILE,0.13700303
1a05A00,342,GLY,0.13010359
1a05A00,343,THR,0.10367496
1a05A00,344,LYS,0.11223841
1a05A00,345,ALA,0.12326999
1a05A00,346,MET,0.099209964
1a05A00,347,GLY,0.096694775
1a05A00,348,ALA,0.115793645
1a05A00,349,ALA,0.112325154
1a05A00,350,VAL,0.0997944
1a05A00,351,VAL,0.11898681
1a05A00,352,ASN,0.13759911
1a05A00,353,ALA,0.12847841
1a05A00,354,LEU,0.13665007
1a05A00,355,ASN,0.19315979
1a05A00,356,LEU,0.26291737
1a05A00,357,LYS,0.43175936
