domain_id,resid,resname,rmsf_450
1a0aA00,0,MET,1.5921198
1a0aA00,1,LYS,1.4617525
1a0aA00,2,ARG,1.343816
1a0aA00,3,GLU,1.2477936
1a0aA00,4,SER,1.1704543
1a0aA00,5,HSD,1.0975823
1a0aA00,6,LYS,1.0598528
1a0aA00,7,HSD,1.0091052
1a0aA00,8,ALA,1.0253049
1a0aA00,9,GLU,1.0238342
1a0aA00,10,GLN,1.0527506
1a0aA00,11,ALA,1.0808436
1a0aA00,12,ARG,1.1065199
1a0aA00,13,ARG,1.1581758
1a0aA00,14,ASN,1.2101058
1a0aA00,15,ARG,1.2327241
1a0aA00,16,LEU,1.2478166
1a0aA00,17,ALA,1.2657657
1a0aA00,18,VAL,1.2668118
1a0aA00,19,ALA,1.2833701
1a0aA00,20,LEU,1.2627788
1a0aA00,21,HSD,1.2854425
1a0aA00,22,GLU,1.2555836
1a0aA00,23,LEU,1.1884606
1a0aA00,24,ALA,1.1909362
1a0aA00,25,SER,1.1800115
1a0aA00,26,LEU,1.1280003
1a0aA00,27,ILE,1.0714676
1a0aA00,28,PRO,1.105857
1a0aA00,29,ALA,1.1347833
1a0aA00,30,GLU,1.1464889
1a0aA00,31,TRP,1.063889
1a0aA00,32,LYS,1.0668379
1a0aA00,33,GLN,1.0402318
1a0aA00,34,GLN,1.0240076
1a0aA00,35,ASN,1.0046259
1a0aA00,36,VAL,0.96686864
1a0aA00,37,SER,0.9529657
1a0aA00,38,ALA,0.9613908
1a0aA00,39,ALA,0.90291905
1a0aA00,40,PRO,0.9334183
1a0aA00,41,SER,0.96812826
1a0aA00,42,LYS,1.0322281
1a0aA00,43,ALA,1.086047
1a0aA00,44,THR,1.1465024
1a0aA00,45,THR,1.1954829
1a0aA00,46,VAL,1.2377018
1a0aA00,47,GLU,1.2813426
1a0aA00,48,ALA,1.3030367
1a0aA00,49,ALA,1.3161385
1a0aA00,50,CYS,1.3249625
1a0aA00,51,ARG,1.3375357
1a0aA00,52,TYR,1.3350378
1a0aA00,53,ILE,1.3363051
1a0aA00,54,ARG,1.363741
1a0aA00,55,HSD,1.3883828
1a0aA00,56,LEU,1.4029554
1a0aA00,57,GLN,1.4527432
1a0aA00,58,GLN,1.4998857
1a0aA00,59,ASN,1.5752802
1a0aA00,60,GLY,1.6568273
1a0aA00,61,SER,1.7227174
1a0aA00,62,THR,1.8031486
1a0hA01,164,SER,1.3378891
1a0hA01,165,PRO,1.1990769
1a0hA01,166,LEU,1.0699202
1a0hA01,167,LEU,0.9232046
1a0hA01,168,GLU,0.8489044
1a0hA01,169,THR,0.7230058
1a0hA01,170,CYS,0.52760303
1a0hA01,171,VAL,0.5672902
1a0hA01,172,PRO,0.6369878
1a0hA01,173,ASP,0.8056382
1a0hA01,174,ARG,0.856449
1a0hA01,175,GLY,0.9140715
1a0hA01,176,ARG,0.9235964
1a0hA01,177,GLU,0.9236922
1a0hA01,178,TYR,0.8842626
1a0hA01,179,ARG,0.9146648
1a0hA01,180,GLY,0.9228243
1a0hA01,181,ARG,0.8624742
1a0hA01,182,LEU,0.8335367
1a0hA01,183,ALA,0.7757179
1a0hA01,184,VAL,0.7646878
1a0hA01,185,THR,0.7854801
1a0hA01,186,THR,0.7708833
1a0hA01,187,HSP,0.82511497
1a0hA01,188,GLY,0.7424809
1a0hA01,189,SER,0.61863655
1a0hA01,190,ARG,0.6015405
1a0hA01,191,CYS,0.50684404
1a0hA01,192,LEU,0.6097768
1a0hA01,193,ALA,0.6581814
1a0hA01,194,TRP,0.6879237
1a0hA01,195,SER,0.7573853
1a0hA01,196,SER,0.8429687
1a0hA01,197,GLU,0.91158026
1a0hA01,198,GLN,0.9379061
1a0hA01,199,ALA,0.9533957
1a0hA01,200,LYS,0.9459487
1a0hA01,201,ALA,0.9763724
1a0hA01,202,LEU,1.0328174
1a0hA01,203,SER,1.1160316
1a0hA01,204,LYS,1.1882414
1a0hA01,205,ASP,1.3059539
1a0hA01,206,GLN,1.2949504
1a0hA01,207,ASP,1.3162318
1a0hA01,208,PHE,1.2728127
1a0hA01,209,ASN,1.1459811
1a0hA01,210,PRO,1.0598967
1a0hA01,211,ALA,1.0530033
1a0hA01,212,VAL,0.96368945
1a0hA01,213,PRO,0.9557642
1a0hA01,214,LEU,0.9236833
1a0hA01,215,ALA,0.9300485
1a0hA01,216,GLU,0.93433553
1a0hA01,217,ASN,0.8985692
1a0hA01,218,PHE,0.74952155
1a0hA01,219,CYS,0.60288084
1a0hA01,220,ARG,0.6693136
1a0hA01,221,ASN,0.8104733
1a0hA01,222,PRO,0.97226614
1a0hA01,223,ASP,1.1671773
1a0hA01,224,GLY,1.290853
1a0hA01,225,ASP,1.3231745
1a0hA01,226,GLU,1.2989876
1a0hA01,227,GLU,1.2097986
1a0hA01,228,GLY,1.0378022
1a0hA01,229,ALA,0.8311134
1a0hA01,230,TRP,0.7282338
1a0hA01,231,CYS,0.5529315
1a0hA01,232,TYR,0.6319148
1a0hA01,233,VAL,0.6120031
1a0hA01,234,ALA,0.7354005
1a0hA01,235,ASP,0.87324876
1a0hA01,236,GLN,0.87299365
1a0hA01,237,PRO,0.9166899
1a0hA01,238,GLY,0.9021736
1a0hA01,239,ASP,0.7802707
1a0hA01,240,PHE,0.661306
1a0hA01,241,GLU,0.5819505
1a0hA01,242,TYR,0.5587625
1a0hA01,243,CYS,0.51443684
1a0hA01,244,ASP,0.55373955
1a0hA01,245,LEU,0.5469102
1a0hA01,246,ASN,0.5677745
1a0hA01,247,TYR,0.5734634
1a0hA01,248,CYS,0.5960169
1a0hA01,249,GLU,0.83231264
1a0hA01,250,GLU,0.9658871
1a0hA01,251,PRO,1.1279786
1a0hA01,252,VAL,1.3010114
1a02F00,140,ARG,1.5987595
1a02F00,141,ARG,1.4505792
1a02F00,142,ILE,1.2916604
1a02F00,143,ARG,1.1535153
1a02F00,144,ARG,1.0607121
1a02F00,145,GLU,0.9679756
1a02F00,146,ARG,0.92190367
1a02F00,147,ASN,0.90764093
1a02F00,148,LYS,0.91017646
1a02F00,149,MET,0.8936544
1a02F00,150,ALA,0.90037763
1a02F00,151,ALA,0.93274695
1a02F00,152,ALA,0.97090024
1a02F00,153,LYS,1.006881
1a02F00,154,SER,1.000569
1a02F00,155,ARG,1.0081307
1a02F00,156,ASN,1.0319371
1a02F00,157,ARG,1.0225267
1a02F00,158,ARG,1.0123963
1a02F00,159,ARG,1.0300784
1a02F00,160,GLU,1.0477479
1a02F00,161,LEU,1.0422329
1a02F00,162,THR,1.0679529
1a02F00,163,ASP,1.0725728
1a02F00,164,THR,1.0513815
1a02F00,165,LEU,0.99804515
1a02F00,166,GLN,0.9458362
1a02F00,167,ALA,0.906151
1a02F00,168,GLU,0.9026875
1a02F00,169,THR,0.89370817
1a02F00,170,ASP,0.93671346
1a02F00,171,GLN,0.89166754
1a02F00,172,LEU,0.86537516
1a02F00,173,GLU,0.9248619
1a02F00,174,ASP,0.97301406
1a02F00,175,GLU,1.0112704
1a02F00,176,LYS,1.012997
1a02F00,177,SER,0.9878288
1a02F00,178,ALA,0.97390836
1a02F00,179,LEU,0.94831926
1a02F00,180,GLN,0.91132563
1a02F00,181,THR,0.89370185
1a02F00,182,GLU,0.8888109
1a02F00,183,ILE,0.8626233
1a02F00,184,ALA,0.8582079
1a02F00,185,ASN,0.832029
1a02F00,186,LEU,0.84732825
1a02F00,187,LEU,0.8852587
1a02F00,188,LYS,0.96298254
1a02F00,189,GLU,1.0758562
1a02F00,190,LYS,1.1484407
1a02F00,191,GLU,1.274222
1a02F00,192,LYS,1.3848888
153lA00,1,ARG,1.1679121
153lA00,2,THR,1.0456284
153lA00,3,ASP,0.9407631
153lA00,4,CYS,0.8739941
153lA00,5,TYR,0.92175025
153lA00,6,GLY,0.96561086
153lA00,7,ASN,0.94699675
153lA00,8,VAL,0.9393369
153lA00,9,ASN,0.95226085
153lA00,10,ARG,0.9441838
153lA00,11,ILE,0.9858975
153lA00,12,ASP,1.0359995
153lA00,13,THR,1.0729823
153lA00,14,THR,1.104375
153lA00,15,GLY,1.0796562
153lA00,16,ALA,1.0975262
153lA00,17,SER,1.1335479
153lA00,18,CYS,1.1092811
153lA00,19,LYS,1.3091974
153lA00,20,THR,1.34682
153lA00,21,ALA,1.3518981
153lA00,22,LYS,1.4289334
153lA00,23,PRO,1.4789859
153lA00,24,GLU,1.4924428
153lA00,25,GLY,1.452539
153lA00,26,LEU,1.2912885
153lA00,27,SER,1.188603
153lA00,28,TYR,1.0800004
153lA00,29,CYS,0.95808405
153lA00,30,GLY,0.9511366
153lA00,31,VAL,0.96166956
153lA00,32,SER,0.97683513
153lA00,33,ALA,1.0497518
153lA00,34,SER,1.0711613
153lA00,35,LYS,1.0498697
153lA00,36,LYS,1.0621032
153lA00,37,ILE,1.0431601
153lA00,38,ALA,1.094698
153lA00,39,GLU,1.1437443
153lA00,40,ARG,1.1703871
153lA00,41,ASP,1.1580416
153lA00,42,LEU,1.0974978
153lA00,43,GLN,1.1428834
153lA00,44,ALA,1.1481819
153lA00,45,MET,1.0687684
153lA00,46,ASP,1.0809842
153lA00,47,ARG,1.1701541
153lA00,48,TYR,1.0946834
153lA00,49,LYS,1.0300413
153lA00,50,THR,1.0674821
153lA00,51,ILE,1.0189984
153lA00,52,ILE,0.8684287
153lA00,53,LYS,0.8746787
153lA00,54,LYS,0.93377507
153lA00,55,VAL,0.9225694
153lA00,56,GLY,0.8810367
153lA00,57,GLU,0.9348249
153lA00,58,LYS,1.0199
153lA00,59,LEU,0.9544508
153lA00,60,CYS,0.8425326
153lA00,61,VAL,0.76790154
153lA00,62,GLU,0.7059989
153lA00,63,PRO,0.66837114
153lA00,64,ALA,0.7047084
153lA00,65,VAL,0.72610915
153lA00,66,ILE,0.72256595
153lA00,67,ALA,0.76707995
153lA00,68,GLY,0.8329253
153lA00,69,ILE,0.7903781
153lA00,70,ILE,0.7357458
153lA00,71,SER,0.79117537
153lA00,72,ARG,0.87741256
153lA00,73,GLU,0.9428244
153lA00,74,SER,0.98187315
153lA00,75,HSP,1.0436113
153lA00,76,ALA,1.0477461
153lA00,77,GLY,1.0455279
153lA00,78,LYS,1.0594109
153lA00,79,VAL,1.0925244
153lA00,80,LEU,1.0953447
153lA00,81,LYS,1.1206887
153lA00,82,ASN,1.1757989
153lA00,83,GLY,1.1920253
153lA00,84,TRP,1.1723511
153lA00,85,GLY,1.1777817
153lA00,86,ASP,1.1939304
153lA00,87,ARG,1.2134012
153lA00,88,GLY,1.2141615
153lA00,89,ASN,1.227195
153lA00,90,GLY,1.2103821
153lA00,91,PHE,1.1981695
153lA00,92,GLY,1.2700315
153lA00,93,LEU,1.3002006
153lA00,94,MET,1.3564984
153lA00,95,GLN,1.4135991
153lA00,96,VAL,1.477327
153lA00,97,ASP,1.526896
153lA00,98,LYS,1.50862
153lA00,99,ARG,1.5229254
153lA00,100,SER,1.5091101
153lA00,101,HSD,1.4972649
153lA00,102,LYS,1.4492805
153lA00,103,PRO,1.4090164
153lA00,104,GLN,1.3866551
153lA00,105,GLY,1.4486943
153lA00,106,THR,1.414012
153lA00,107,TRP,1.3543503
153lA00,108,ASN,1.3348112
153lA00,109,GLY,1.299311
153lA00,110,GLU,1.2032238
153lA00,111,VAL,1.1240972
153lA00,112,HSE,1.0662965
153lA00,113,ILE,1.0241752
153lA00,114,THR,0.9758442
153lA00,115,GLN,0.9493871
153lA00,116,GLY,0.93557274
153lA00,117,THR,0.87888944
153lA00,118,THR,0.8088874
153lA00,119,ILE,0.8364359
153lA00,120,LEU,0.8101627
153lA00,121,ILE,0.7873819
153lA00,122,ASN,0.8190716
153lA00,123,PHE,0.85182947
153lA00,124,ILE,0.7766772
153lA00,125,LYS,0.7837958
153lA00,126,THR,0.8182562
153lA00,127,ILE,0.783661
153lA00,128,GLN,0.75628763
153lA00,129,LYS,0.827079
153lA00,130,LYS,0.81855184
153lA00,131,PHE,0.74991655
153lA00,132,PRO,0.7870303
153lA00,133,SER,0.82650137
153lA00,134,TRP,0.75979376
153lA00,135,THR,0.7460071
153lA00,136,LYS,0.7819718
153lA00,137,ASP,0.7699038
153lA00,138,GLN,0.68014604
153lA00,139,GLN,0.70819557
153lA00,140,LEU,0.7472833
153lA00,141,LYS,0.737147
153lA00,142,GLY,0.74243647
153lA00,143,GLY,0.78777367
153lA00,144,ILE,0.7854324
153lA00,145,SER,0.79358363
153lA00,146,ALA,0.852355
153lA00,147,TYR,0.9243363
153lA00,148,ASN,0.98779255
153lA00,149,ALA,1.0444622
153lA00,150,GLY,1.1332093
153lA00,151,ALA,1.1815474
153lA00,152,GLY,1.2134827
153lA00,153,ASN,1.2076141
153lA00,154,VAL,1.2181689
153lA00,155,ARG,1.2493244
153lA00,156,SER,1.3076997
153lA00,157,TYR,1.3518453
153lA00,158,ALA,1.3868386
153lA00,159,ARG,1.3863302
153lA00,160,MET,1.3410796
153lA00,161,ASP,1.3670719
153lA00,162,ILE,1.3212208
153lA00,163,GLY,1.2727182
153lA00,164,THR,1.1891981
153lA00,165,THR,1.078923
153lA00,166,HSD,0.9712025
153lA00,167,ASP,0.87787604
153lA00,168,ASP,0.82186824
153lA00,169,TYR,0.74616534
153lA00,170,ALA,0.7279564
153lA00,171,ASN,0.72269565
153lA00,172,ASP,0.6979578
153lA00,173,VAL,0.66036236
153lA00,174,VAL,0.6816792
153lA00,175,ALA,0.71430856
153lA00,176,ARG,0.690078
153lA00,177,ALA,0.6770663
153lA00,178,GLN,0.7932534
153lA00,179,TYR,0.83565265
153lA00,180,TYR,0.7963416
153lA00,181,LYS,0.8885696
153lA00,182,GLN,1.0030503
153lA00,183,HSD,1.0512695
153lA00,184,GLY,1.0962206
153lA00,185,TYR,1.126659
16pkA02,199,TYR,1.375363
16pkA02,200,PHE,1.2415829
16pkA02,201,ALA,1.1145978
16pkA02,202,LYS,0.9782597
16pkA02,203,VAL,0.82667845
16pkA02,204,LEU,0.70552564
16pkA02,205,GLY,0.5706352
16pkA02,206,ASN,0.4642336
16pkA02,207,PRO,0.40267423
16pkA02,208,PRO,0.37325588
16pkA02,209,ARG,0.32035753
16pkA02,210,PRO,0.27961746
16pkA02,211,LEU,0.26677117
16pkA02,212,VAL,0.23745814
16pkA02,213,ALA,0.24300931
16pkA02,214,ILE,0.24684404
16pkA02,215,VAL,0.25911325
16pkA02,216,GLY,0.3003502
16pkA02,217,GLY,0.35090333
16pkA02,218,ALA,0.45200196
16pkA02,219,LYS,0.4336914
16pkA02,220,VAL,0.46180534
16pkA02,221,SER,0.41416976
16pkA02,222,ASP,0.40342608
16pkA02,223,LYS,0.42403737
16pkA02,224,ILE,0.3474006
16pkA02,225,GLN,0.35873824
16pkA02,226,LEU,0.33381605
16pkA02,227,LEU,0.30023605
16pkA02,228,ASP,0.3003393
16pkA02,229,ASN,0.32560188
16pkA02,230,MET,0.27548513
16pkA02,231,LEU,0.23533355
16pkA02,232,GLN,0.2638082
16pkA02,233,ARG,0.2732601
16pkA02,234,ILE,0.2353864
16pkA02,235,ASP,0.21201059
16pkA02,236,TYR,0.1872635
16pkA02,237,LEU,0.18266869
16pkA02,238,LEU,0.18973325
16pkA02,239,ILE,0.2107886
16pkA02,240,GLY,0.25105086
16pkA02,241,GLY,0.2802411
16pkA02,242,ALA,0.2594866
16pkA02,243,MET,0.22709732
16pkA02,244,ALA,0.19341965
16pkA02,245,TYR,0.18868433
16pkA02,246,THR,0.18752377
16pkA02,247,PHE,0.16477287
16pkA02,248,LEU,0.16070423
16pkA02,249,LYS,0.17901747
16pkA02,250,ALA,0.18420956
16pkA02,251,GLN,0.182104
16pkA02,252,GLY,0.20221888
16pkA02,253,TYR,0.1868721
16pkA02,254,SER,0.20772535
16pkA02,255,ILE,0.20212959
16pkA02,256,GLY,0.23546752
16pkA02,257,LYS,0.26192015
16pkA02,258,SER,0.3168605
16pkA02,259,LYS,0.34707174
16pkA02,260,CYS,0.27937686
16pkA02,261,GLU,0.30895123
16pkA02,262,GLU,0.30621487
16pkA02,263,SER,0.30593568
16pkA02,264,LYS,0.26329952
16pkA02,265,LEU,0.22484137
16pkA02,266,GLU,0.24669419
16pkA02,267,PHE,0.2430941
16pkA02,268,ALA,0.19775067
16pkA02,269,ARG,0.19562784
16pkA02,270,SER,0.21868132
16pkA02,271,LEU,0.1983657
16pkA02,272,LEU,0.17439741
16pkA02,273,LYS,0.2006651
16pkA02,274,LYS,0.2094578
16pkA02,275,ALA,0.18702026
16pkA02,276,GLU,0.20063025
16pkA02,277,ASP,0.23109561
16pkA02,278,ARG,0.22437623
16pkA02,279,LYS,0.20583804
16pkA02,280,VAL,0.17569369
16pkA02,281,GLN,0.15852565
16pkA02,282,VAL,0.14895718
16pkA02,283,ILE,0.15859766
16pkA02,284,LEU,0.16506298
16pkA02,285,PRO,0.15161425
16pkA02,286,ILE,0.15727738
16pkA02,287,ASP,0.15598732
16pkA02,288,HSE,0.16396722
16pkA02,289,VAL,0.19105498
16pkA02,290,CYS,0.20946178
16pkA02,291,HSD,0.25056565
16pkA02,292,THR,0.334948
16pkA02,293,GLU,0.4892519
16pkA02,294,PHE,0.7426492
16pkA02,295,LYS,0.77378637
16pkA02,296,ALA,0.6955413
16pkA02,297,VAL,0.58880925
16pkA02,298,ASP,0.47247937
16pkA02,299,SER,0.35829479
16pkA02,300,PRO,0.2845702
16pkA02,301,LEU,0.23935188
16pkA02,302,ILE,0.20327224
16pkA02,303,THR,0.18796094
16pkA02,304,GLU,0.21547718
16pkA02,305,ASP,0.19213209
16pkA02,306,GLN,0.18133973
16pkA02,307,ASN,0.19850151
16pkA02,308,ILE,0.20523886
16pkA02,309,PRO,0.24276091
16pkA02,310,GLU,0.27583727
16pkA02,311,GLY,0.28473923
16pkA02,312,HSD,0.25061697
16pkA02,313,MET,0.23913787
16pkA02,314,ALA,0.20940909
16pkA02,315,LEU,0.2365282
16pkA02,316,ASP,0.20816842
16pkA02,317,ILE,0.18074235
16pkA02,318,GLY,0.17872812
16pkA02,319,PRO,0.20412844
16pkA02,320,LYS,0.18780215
16pkA02,321,THR,0.16621208
16pkA02,322,ILE,0.19690381
16pkA02,323,GLU,0.21364024
16pkA02,324,LYS,0.19053358
16pkA02,325,TYR,0.19388713
16pkA02,326,VAL,0.23330736
16pkA02,327,GLN,0.23331356
16pkA02,328,THR,0.21472435
16pkA02,329,ILE,0.2495361
16pkA02,330,GLY,0.2798829
16pkA02,331,LYS,0.273485
16pkA02,332,CYS,0.28994235
16pkA02,333,LYS,0.32530102
16pkA02,334,SER,0.32623476
16pkA02,335,ALA,0.30272698
16pkA02,336,ILE,0.3143963
16pkA02,337,TRP,0.32174596
16pkA02,338,ASN,0.3339057
16pkA02,339,GLY,0.35794994
16pkA02,340,PRO,0.37037167
16pkA02,341,MET,0.37313092
16pkA02,342,GLY,0.42536095
16pkA02,343,VAL,0.42909446
16pkA02,344,PHE,0.47927845
16pkA02,345,GLU,0.50041485
16pkA02,346,MET,0.5744621
16pkA02,347,VAL,0.5643977
16pkA02,348,PRO,0.5641317
16pkA02,349,TYR,0.5740614
16pkA02,350,SER,0.7012388
16pkA02,351,LYS,0.7179469
16pkA02,352,GLY,0.7459809
16pkA02,353,THR,0.72715664
16pkA02,354,PHE,0.60300136
16pkA02,355,ALA,0.54366714
16pkA02,356,ILE,0.5370708
16pkA02,357,ALA,0.56507653
16pkA02,358,LYS,0.5374742
16pkA02,359,ALA,0.50471574
16pkA02,360,MET,0.53012544
16pkA02,361,GLY,0.5969199
16pkA02,362,ARG,0.62263405
16pkA02,363,GLY,0.6999207
16pkA02,364,THR,0.8159937
16pkA02,365,HSD,0.8583017
16pkA02,366,GLU,0.81393325
16pkA02,367,HSD,0.84770167
16pkA02,368,GLY,0.7771786
16pkA02,369,LEU,0.70189255
16pkA02,370,MET,0.6832416
16pkA02,371,SER,0.6706289
16pkA02,372,ILE,0.70237374
16pkA02,373,ILE,0.7893847
16pkA02,374,GLY,0.8694251
16pkA02,375,GLY,0.9311356
16pkA02,376,GLY,0.98717177
16pkA02,377,ASP,1.0660912
16pkA02,378,SER,1.0322442
16pkA02,379,ALA,1.0086956
16pkA02,380,SER,1.0677052
16pkA02,381,ALA,1.1124437
16pkA02,382,ALA,1.1132461
16pkA02,383,GLU,1.1612647
16pkA02,384,LEU,1.2292001
16pkA02,385,SER,1.270903
16pkA02,386,GLY,1.283914
16pkA02,387,GLU,1.2329985
16pkA02,388,ALA,1.1315309
16pkA02,389,LYS,1.1076032
16pkA02,390,ARG,1.0805407
16pkA02,391,MET,1.1106559
16pkA02,392,SER,1.1916178
16pkA02,393,HSD,1.2401931
16pkA02,394,VAL,1.2643462
16pkA02,395,SER,1.312363
16pkA02,396,THR,1.3652675
16pkA02,397,GLY,1.4195577
16pkA02,398,GLY,1.4448822
16pkA02,399,GLY,1.4854605
16pkA02,400,ALA,1.5577394
16pkA02,401,SER,1.6194506
16pkA02,402,LEU,1.6805943
16pkA02,403,GLU,1.7816705
16pkA02,404,LEU,1.819706
16pkA02,405,LEU,1.8779942
16pkA02,406,GLU,2.030581
12asA00,4,ALA,1.7759169
12asA00,5,TYR,1.7156583
12asA00,6,ILE,1.6475257
12asA00,7,ALA,1.5902997
12asA00,8,LYS,1.5433773
12asA00,9,GLN,1.4639438
12asA00,10,ARG,1.3811678
12asA00,11,GLN,1.2942884
12asA00,12,ILE,1.2389592
12asA00,13,SER,1.2448691
12asA00,14,PHE,1.1496671
12asA00,15,VAL,1.1055816
12asA00,16,LYS,1.0860871
12asA00,17,SER,1.0287197
12asA00,18,HSE,0.91958934
12asA00,19,PHE,0.87120104
12asA00,20,SER,0.88128585
12asA00,21,ARG,0.81828934
12asA00,22,GLN,0.7652684
12asA00,23,LEU,0.78136826
12asA00,24,GLU,0.6962923
12asA00,25,GLU,0.7012126
12asA00,26,ARG,0.66195744
12asA00,27,LEU,0.6671303
12asA00,28,GLY,0.74399024
12asA00,29,LEU,0.6623767
12asA00,30,ILE,0.73033065
12asA00,31,GLU,0.69196415
12asA00,32,VAL,0.72905594
12asA00,33,GLN,0.7508351
12asA00,34,ALA,0.77029413
12asA00,35,PRO,0.8109564
12asA00,36,ILE,0.86536574
12asA00,37,LEU,0.89667237
12asA00,38,SER,0.9702154
12asA00,39,ARG,1.0332742
12asA00,40,VAL,1.1073197
12asA00,41,GLY,1.2005543
12asA00,42,ASP,1.2815696
12asA00,43,GLY,1.3482846
12asA00,44,THR,1.3778813
12asA00,45,GLN,1.4225843
12asA00,46,ASP,1.5041403
12asA00,47,ASN,1.5317857
12asA00,48,LEU,1.576598
12asA00,49,SER,1.6573669
12asA00,50,GLY,1.7181334
12asA00,51,ALA,1.7527869
12asA00,52,GLU,1.8018637
12asA00,53,LYS,1.8097781
12asA00,54,ALA,1.7863603
12asA00,55,VAL,1.8158898
12asA00,56,GLN,1.843294
12asA00,57,VAL,1.8392307
12asA00,58,LYS,1.8400314
12asA00,59,VAL,1.8618953
12asA00,60,LYS,1.8236257
12asA00,61,ALA,1.8526173
12asA00,62,LEU,1.7527431
12asA00,63,PRO,1.7472585
12asA00,64,ASP,1.7198375
12asA00,65,ALA,1.6623095
12asA00,66,GLN,1.6415002
12asA00,67,PHE,1.5738857
12asA00,68,GLU,1.5155803
12asA00,69,VAL,1.4586065
12asA00,70,VAL,1.4141501
12asA00,71,HSE,1.3902491
12asA00,72,SER,1.3285652
12asA00,73,LEU,1.2697119
12asA00,74,ALA,1.2303017
12asA00,75,LYS,1.1744545
12asA00,76,TRP,1.171109
12asA00,77,LYS,1.2044477
12asA00,78,ARG,1.2749385
12asA00,79,GLN,1.2992653
12asA00,80,THR,1.3834183
12asA00,81,LEU,1.5214739
12asA00,82,GLY,1.6182817
12asA00,83,GLN,1.6440423
12asA00,84,HSD,1.7058951
12asA00,85,ASP,1.7059137
12asA00,86,PHE,1.686917
12asA00,87,SER,1.7784389
12asA00,88,ALA,1.8236092
12asA00,89,GLY,1.8416634
12asA00,90,GLU,1.8093395
12asA00,91,GLY,1.7185882
12asA00,92,LEU,1.624387
12asA00,93,TYR,1.597159
12asA00,94,THR,1.53445
12asA00,95,HSD,1.4967113
12asA00,96,MET,1.4094037
12asA00,97,LYS,1.3835558
12asA00,98,ALA,1.3626163
12asA00,99,LEU,1.3642995
12asA00,100,ARG,1.4441768
12asA00,101,PRO,1.5327768
12asA00,102,ASP,1.659182
12asA00,103,GLU,1.6566619
12asA00,104,ASP,1.6477741
12asA00,105,ARG,1.5988263
12asA00,106,LEU,1.5314653
12asA00,107,SER,1.4346942
12asA00,108,PRO,1.3919286
12asA00,109,LEU,1.3878628
12asA00,110,HSE,1.3229336
12asA00,111,SER,1.1985384
12asA00,112,VAL,1.1281585
12asA00,113,TYR,1.0815191
12asA00,114,VAL,0.9091678
12asA00,115,ASP,0.8570383
12asA00,116,GLN,0.7550056
12asA00,117,TRP,0.6724885
12asA00,118,ASP,0.57988274
12asA00,119,TRP,0.5453126
12asA00,120,GLU,0.5505522
12asA00,121,ARG,0.5586256
12asA00,122,VAL,0.60042983
12asA00,123,MET,0.5795263
12asA00,124,GLY,0.6744029
12asA00,125,ASP,0.67099005
12asA00,126,GLY,0.6908523
12asA00,127,GLU,0.63789743
12asA00,128,ARG,0.5570639
12asA00,129,GLN,0.5536854
12asA00,130,PHE,0.47067043
12asA00,131,SER,0.52664423
12asA00,132,THR,0.49305215
12asA00,133,LEU,0.39726064
12asA00,134,LYS,0.41480786
12asA00,135,SER,0.47279176
12asA00,136,THR,0.441593
12asA00,137,VAL,0.36126393
12asA00,138,GLU,0.3818096
12asA00,139,ALA,0.4250711
12asA00,140,ILE,0.35672027
12asA00,141,TRP,0.3466919
12asA00,142,ALA,0.46327764
12asA00,143,GLY,0.47387764
12asA00,144,ILE,0.41645205
12asA00,145,LYS,0.4819458
12asA00,146,ALA,0.5077664
12asA00,147,THR,0.4926967
12asA00,148,GLU,0.5047061
12asA00,149,ALA,0.5705536
12asA00,150,ALA,0.62200695
12asA00,151,VAL,0.5867579
12asA00,152,SER,0.57500833
12asA00,153,GLU,0.6816161
12asA00,154,GLU,0.7799617
12asA00,155,PHE,0.74658173
12asA00,156,GLY,0.69673216
12asA00,157,LEU,0.6156569
12asA00,158,ALA,0.5112559
12asA00,159,PRO,0.45153323
12asA00,160,PHE,0.4608638
12asA00,161,LEU,0.38594675
12asA00,162,PRO,0.36371538
12asA00,163,ASP,0.36573172
12asA00,164,GLN,0.34840006
12asA00,165,ILE,0.29118901
12asA00,166,HSD,0.32768205
12asA00,167,PHE,0.33156374
12asA00,168,VAL,0.3675693
12asA00,169,HSE,0.39687204
12asA00,170,SER,0.43972537
12asA00,171,GLN,0.5191828
12asA00,172,GLU,0.5270645
12asA00,173,LEU,0.52132946
12asA00,174,LEU,0.6117184
12asA00,175,SER,0.6691769
12asA00,176,ARG,0.6595696
12asA00,177,TYR,0.6846072
12asA00,178,PRO,0.7708843
12asA00,179,ASP,0.82867146
12asA00,180,LEU,0.7651148
12asA00,181,ASP,0.7448613
12asA00,182,ALA,0.668024
12asA00,183,LYS,0.6312681
12asA00,184,GLY,0.6225121
12asA00,185,ARG,0.5581727
12asA00,186,GLU,0.47278702
12asA00,187,ARG,0.5026705
12asA00,188,ALA,0.53335345
12asA00,189,ILE,0.45069355
12asA00,190,ALA,0.39644048
12asA00,191,LYS,0.47020558
12asA00,192,ASP,0.4913716
12asA00,193,LEU,0.4024175
12asA00,194,GLY,0.34780777
12asA00,195,ALA,0.27559623
12asA00,196,VAL,0.2806329
12asA00,197,PHE,0.264869
12asA00,198,LEU,0.31477875
12asA00,199,VAL,0.33201516
12asA00,200,GLY,0.39834222
12asA00,201,ILE,0.5534334
12asA00,202,GLY,0.6931993
12asA00,203,GLY,0.7940876
12asA00,204,LYS,0.93147653
12asA00,205,LEU,1.029105
12asA00,206,SER,1.1373165
12asA00,207,ASP,1.2439265
12asA00,208,GLY,1.3564026
12asA00,209,HSD,1.4206471
12asA00,210,ARG,1.4088585
12asA00,211,HSP,1.4651487
12asA00,212,ASP,1.4730684
12asA00,213,VAL,1.4109282
12asA00,214,ARG,1.3701358
12asA00,215,ALA,1.322667
12asA00,216,PRO,1.2954171
12asA00,217,ASP,1.3853683
12asA00,218,TYR,1.3628954
12asA00,219,ASP,1.3042406
12asA00,220,ASP,1.2027575
12asA00,221,TRP,1.0843624
12asA00,222,SER,1.0008008
12asA00,223,THR,0.8860347
12asA00,224,PRO,0.8396633
12asA00,225,SER,0.8279246
12asA00,226,GLU,0.8519375
12asA00,227,LEU,0.8440009
12asA00,228,GLY,0.7774322
12asA00,229,HSD,0.6923591
12asA00,230,ALA,0.57403874
12asA00,231,GLY,0.47689122
12asA00,232,LEU,0.36637574
12asA00,233,ASN,0.34400386
12asA00,234,GLY,0.3213732
12asA00,235,ASP,0.3093221
12asA00,236,ILE,0.26708332
12asA00,237,LEU,0.29959443
12asA00,238,VAL,0.29953995
12asA00,239,TRP,0.37614596
12asA00,240,ASN,0.43427867
12asA00,241,PRO,0.50841415
12asA00,242,VAL,0.5879481
12asA00,243,LEU,0.60301936
12asA00,244,GLU,0.58087945
12asA00,245,ASP,0.53353494
12asA00,246,ALA,0.44075927
12asA00,247,PHE,0.4057436
12asA00,248,GLU,0.37572944
12asA00,249,LEU,0.33574137
12asA00,250,SER,0.34948605
12asA00,251,SER,0.3600838
12asA00,252,MET,0.36891842
12asA00,253,GLY,0.42465156
12asA00,254,ILE,0.529748
12asA00,255,ARG,0.6097128
12asA00,256,VAL,0.7237862
12asA00,257,ASP,0.9516411
12asA00,258,ALA,1.0505079
12asA00,259,ASP,1.1998321
12asA00,260,THR,1.1602796
12asA00,261,LEU,1.0790318
12asA00,262,LYS,1.1498986
12asA00,263,HSD,1.2566671
12asA00,264,GLN,1.2442669
12asA00,265,LEU,1.2719129
12asA00,266,ALA,1.396604
12asA00,267,LEU,1.4328218
12asA00,268,THR,1.4979354
12asA00,269,GLY,1.5868403
12asA00,270,ASP,1.6620095
12asA00,271,GLU,1.6969613
12asA00,272,ASP,1.6671684
12asA00,273,ARG,1.6085378
12asA00,274,LEU,1.5901268
12asA00,275,GLU,1.5776609
12asA00,276,LEU,1.5305818
12asA00,277,GLU,1.5947827
12asA00,278,TRP,1.4996692
12asA00,279,HSE,1.4389752
12asA00,280,GLN,1.5280834
12asA00,281,ALA,1.4834235
12asA00,282,LEU,1.3540195
12asA00,283,LEU,1.3864012
12asA00,284,ARG,1.4429643
12asA00,285,GLY,1.4063271
12asA00,286,GLU,1.3548634
12asA00,287,MET,1.1545583
12asA00,288,PRO,1.0928389
12asA00,289,GLN,0.9295157
12asA00,290,THR,0.83714086
12asA00,291,ILE,0.72342944
12asA00,292,GLY,0.6565095
12asA00,293,GLY,0.6100248
12asA00,294,GLY,0.5895409
12asA00,295,ILE,0.57882166
12asA00,296,GLY,0.5290221
12asA00,297,GLN,0.48549384
12asA00,298,SER,0.48329604
12asA00,299,ARG,0.41446003
12asA00,300,LEU,0.38396436
12asA00,301,THR,0.44346476
12asA00,302,MET,0.46497935
12asA00,303,LEU,0.41791025
12asA00,304,LEU,0.45654872
12asA00,305,LEU,0.5415615
12asA00,306,GLN,0.59678465
12asA00,307,LEU,0.5902554
12asA00,308,PRO,0.73920894
12asA00,309,HSD,0.8516751
12asA00,310,ILE,0.8910075
12asA00,311,GLY,0.97675157
12asA00,312,GLN,1.0613974
12asA00,313,VAL,1.1136023
12asA00,314,GLN,1.1818222
12asA00,315,ALA,1.2219449
12asA00,316,GLY,1.2411845
12asA00,317,VAL,1.2471969
12asA00,318,TRP,1.2831817
12asA00,319,PRO,1.4026159
12asA00,320,ALA,1.5191103
12asA00,321,ALA,1.653518
12asA00,322,VAL,1.6936538
12asA00,323,ARG,1.7486777
12asA00,324,GLU,1.8659077
12asA00,325,SER,1.9340721
12asA00,326,VAL,1.9668088
12asA00,327,PRO,2.0594234
12asA00,328,SER,2.1425831
12asA00,329,LEU,2.1693668
12asA00,330,LEU,2.2190866
1a05A00,1,MET,0.38955235
1a05A00,2,LYS,0.2860767
1a05A00,3,LYS,0.2539134
1a05A00,4,ILE,0.21855867
1a05A00,5,ALA,0.20196062
1a05A00,6,ILE,0.20866492
1a05A00,7,PHE,0.21004972
1a05A00,8,ALA,0.25716665
1a05A00,9,GLY,0.3491048
1a05A00,10,ASP,0.42402923
1a05A00,11,GLY,0.48764846
1a05A00,12,ILE,0.46519107
1a05A00,13,GLY,0.5055288
1a05A00,14,PRO,0.50050294
1a05A00,15,GLU,0.4601218
1a05A00,16,ILE,0.46053743
1a05A00,17,VAL,0.45818156
1a05A00,18,ALA,0.4707115
1a05A00,19,ALA,0.50786304
1a05A00,20,ALA,0.49266303
1a05A00,21,ARG,0.5018926
1a05A00,22,GLN,0.4604333
1a05A00,23,VAL,0.41249025
1a05A00,24,LEU,0.4656608
1a05A00,25,ASP,0.521682
1a05A00,26,ALA,0.50642693
1a05A00,27,VAL,0.52333647
1a05A00,28,ASP,0.53913677
1a05A00,29,GLN,0.5700221
1a05A00,30,ALA,0.6185505
1a05A00,31,ALA,0.58117914
1a05A00,32,HSD,0.49796048
1a05A00,33,LEU,0.43580735
1a05A00,34,GLY,0.40024173
1a05A00,35,LEU,0.32377502
1a05A00,36,ARG,0.30229238
1a05A00,37,CYS,0.26966602
1a05A00,38,THR,0.26602346
1a05A00,39,GLU,0.28978556
1a05A00,40,GLY,0.34030148
1a05A00,41,LEU,0.3983868
1a05A00,42,VAL,0.4868748
1a05A00,43,GLY,0.5499812
1a05A00,44,GLY,0.62138784
1a05A00,45,ALA,0.65277964
1a05A00,46,ALA,0.6809184
1a05A00,47,LEU,0.7049449
1a05A00,48,ASP,0.75655234
1a05A00,49,ALA,0.73714167
1a05A00,50,SER,0.65190417
1a05A00,51,ASP,0.6140319
1a05A00,52,ASP,0.47671434
1a05A00,53,PRO,0.43773597
1a05A00,54,LEU,0.3282579
1a05A00,55,PRO,0.326474
1a05A00,56,ALA,0.32690415
1a05A00,57,ALA,0.32749003
1a05A00,58,SER,0.29065847
1a05A00,59,LEU,0.25629076
1a05A00,60,GLN,0.26524696
1a05A00,61,LEU,0.25351456
1a05A00,62,ALA,0.21428055
1a05A00,63,MET,0.23398232
1a05A00,64,ALA,0.25243732
1a05A00,65,ALA,0.22023608
1a05A00,66,ASP,0.21777725
1a05A00,67,ALA,0.18591937
1a05A00,68,VAL,0.17470554
1a05A00,69,ILE,0.18677233
1a05A00,70,LEU,0.20345664
1a05A00,71,GLY,0.2553732
1a05A00,72,ALA,0.33806038
1a05A00,73,VAL,0.36779633
1a05A00,74,GLY,0.5120462
1a05A00,75,GLY,0.5571059
1a05A00,76,PRO,0.6369394
1a05A00,77,ARG,0.6428766
1a05A00,78,TRP,0.61057645
1a05A00,79,ASP,0.6894804
1a05A00,80,ALA,0.6855225
1a05A00,81,TYR,0.59826016
1a05A00,82,PRO,0.5991805
1a05A00,83,PRO,0.5669189
1a05A00,84,ALA,0.553876
1a05A00,85,LYS,0.5005073
1a05A00,86,ARG,0.461368
1a05A00,87,PRO,0.42651227
1a05A00,88,GLU,0.44112834
1a05A00,89,GLN,0.4314099
1a05A00,90,GLY,0.37894407
1a05A00,91,LEU,0.31880552
1a05A00,92,LEU,0.3310753
1a05A00,93,ARG,0.32364157
1a05A00,94,LEU,0.2563218
1a05A00,95,ARG,0.25218388
1a05A00,96,LYS,0.2951393
1a05A00,97,GLY,0.27089423
1a05A00,98,LEU,0.21538018
1a05A00,99,ASP,0.20602845
1a05A00,100,LEU,0.17001432
1a05A00,101,TYR,0.17684752
1a05A00,102,ALA,0.15138552
1a05A00,103,ASN,0.14663835
1a05A00,104,LEU,0.15086448
1a05A00,105,ARG,0.176158
1a05A00,106,PRO,0.20918836
1a05A00,107,ALA,0.25602064
1a05A00,108,GLN,0.36307737
1a05A00,109,ILE,0.49639326
1a05A00,110,PHE,0.61779255
1a05A00,111,PRO,0.73541343
1a05A00,112,GLN,0.85335034
1a05A00,113,LEU,0.89106125
1a05A00,114,LEU,0.8950384
1a05A00,115,ASP,0.9822366
1a05A00,116,ALA,1.0430217
1a05A00,117,SER,1.0086432
1a05A00,118,PRO,1.0903776
1a05A00,119,LEU,1.0978156
1a05A00,120,ARG,1.0169686
1a05A00,121,PRO,0.9898568
1a05A00,122,GLU,1.0030462
1a05A00,123,LEU,0.88985604
1a05A00,124,VAL,0.6997512
1a05A00,125,ARG,0.5839088
1a05A00,126,ASP,0.4935718
1a05A00,127,VAL,0.40299308
1a05A00,128,ASP,0.25841594
1a05A00,129,ILE,0.21738619
1a05A00,130,LEU,0.1839789
1a05A00,131,VAL,0.16473591
1a05A00,132,VAL,0.14725174
1a05A00,133,ARG,0.16456519
1a05A00,134,GLU,0.1819575
1a05A00,135,LEU,0.19736125
1a05A00,136,THR,0.34248865
1a05A00,137,GLY,0.4320608
1a05A00,138,ASP,0.5223357
1a05A00,139,ILE,0.67691404
1a05A00,140,TYR,0.83335304
1a05A00,141,PHE,0.9208926
1a05A00,142,GLY,1.0000877
1a05A00,143,GLN,1.0462554
1a05A00,144,PRO,1.1326479
1a05A00,145,ARG,1.1293716
1a05A00,146,GLY,1.1795853
1a05A00,147,LEU,1.1355015
1a05A00,148,GLU,1.0912209
1a05A00,149,VAL,1.0925786
1a05A00,150,ILE,1.084498
1a05A00,151,ASP,1.096539
1a05A00,152,GLY,1.0843747
1a05A00,153,LYS,1.0177771
1a05A00,154,ARG,0.9477326
1a05A00,155,ARG,0.90879583
1a05A00,156,GLY,0.87290865
1a05A00,157,PHE,0.7984267
1a05A00,158,ASN,0.72607446
1a05A00,159,THR,0.64846826
1a05A00,160,MET,0.55205536
1a05A00,161,VAL,0.51296616
1a05A00,162,TYR,0.4468951
1a05A00,163,ASP,0.3913812
1a05A00,164,GLU,0.34011215
1a05A00,165,ASP,0.3290535
1a05A00,166,GLU,0.29165885
1a05A00,167,ILE,0.24178389
1a05A00,168,ARG,0.22796895
1a05A00,169,ARG,0.2285195
1a05A00,170,ILE,0.18167977
1a05A00,171,ALA,0.17833565
1a05A00,172,HSE,0.21166268
1a05A00,173,VAL,0.19810255
1a05A00,174,ALA,0.1811964
1a05A00,175,PHE,0.21423545
1a05A00,176,ARG,0.24523038
1a05A00,177,ALA,0.22795959
1a05A00,178,ALA,0.24115144
1a05A00,179,GLN,0.29345167
1a05A00,180,GLY,0.30724606
1a05A00,181,ARG,0.2863691
1a05A00,182,ARG,0.32758468
1a05A00,183,LYS,0.31989637
1a05A00,184,GLN,0.29469398
1a05A00,185,LEU,0.23489757
1a05A00,186,CYS,0.22999226
1a05A00,187,SER,0.20380595
1a05A00,188,VAL,0.24963742
1a05A00,189,ASP,0.32355174
1a05A00,190,LYS,0.41747636
1a05A00,191,ALA,0.5529664
1a05A00,192,ASN,0.61737895
1a05A00,193,VAL,0.68459594
1a05A00,194,LEU,0.662999
1a05A00,195,GLU,0.6624561
1a05A00,196,THR,0.6209952
1a05A00,197,THR,0.5075596
1a05A00,198,ARG,0.491963
1a05A00,199,LEU,0.48005924
1a05A00,200,TRP,0.34007746
1a05A00,201,ARG,0.3196666
1a05A00,202,GLU,0.2722488
1a05A00,203,VAL,0.24048254
1a05A00,204,VAL,0.22066008
1a05A00,205,THR,0.25841084
1a05A00,206,GLU,0.27396092
1a05A00,207,VAL,0.25885612
1a05A00,208,ALA,0.27677727
1a05A00,209,ARG,0.32970348
1a05A00,210,ASP,0.33997878
1a05A00,211,TYR,0.32320803
1a05A00,212,PRO,0.37309086
1a05A00,213,ASP,0.38125312
1a05A00,214,VAL,0.31592685
1a05A00,215,ARG,0.32484046
1a05A00,216,LEU,0.27202696
1a05A00,217,SER,0.29594588
1a05A00,218,HSD,0.31356615
1a05A00,219,MET,0.3525659
1a05A00,220,TYR,0.4426579
1a05A00,221,VAL,0.49832815
1a05A00,222,ASP,0.57385635
1a05A00,223,ASN,0.6193791
1a05A00,224,ALA,0.65877116
1a05A00,225,ALA,0.67188555
1a05A00,226,MET,0.68810457
1a05A00,227,GLN,0.6433026
1a05A00,228,LEU,0.5663527
1a05A00,229,ILE,0.62523353
1a05A00,230,ARG,0.6668603
1a05A00,231,ALA,0.5938266
1a05A00,232,PRO,0.5707114
1a05A00,233,ALA,0.47844115
1a05A00,234,GLN,0.44741568
1a05A00,235,PHE,0.3585614
1a05A00,236,ASP,0.26152584
1a05A00,237,VAL,0.20742588
1a05A00,238,LEU,0.1827534
1a05A00,239,LEU,0.15412186
1a05A00,240,THR,0.18467426
1a05A00,241,GLY,0.2680905
1a05A00,242,ASN,0.3871641
1a05A00,243,MET,0.48845118
1a05A00,244,PHE,0.55719715
1a05A00,245,GLY,0.65533346
1a05A00,246,ASP,0.6761595
1a05A00,247,ILE,0.6340999
1a05A00,248,LEU,0.6020985
1a05A00,249,SER,0.6213471
1a05A00,250,ASP,0.7100923
1a05A00,251,GLU,0.7404121
1a05A00,252,ALA,0.72127205
1a05A00,253,SER,0.7391593
1a05A00,254,GLN,0.6716529
1a05A00,255,LEU,0.6788161
1a05A00,256,THR,0.6879863
1a05A00,257,GLY,0.72017753
1a05A00,258,SER,0.63106716
1a05A00,259,ILE,0.53508765
1a05A00,260,GLY,0.414334
1a05A00,261,MET,0.29807153
1a05A00,262,LEU,0.2437083
1a05A00,263,PRO,0.20840506
1a05A00,264,SER,0.1788029
1a05A00,265,ALA,0.1591278
1a05A00,266,SER,0.14446005
1a05A00,267,LEU,0.1470267
1a05A00,268,GLY,0.17404431
1a05A00,269,GLU,0.21538502
1a05A00,270,GLY,0.22092026
1a05A00,271,ARG,0.18582843
1a05A00,272,ALA,0.1574934
1a05A00,273,MET,0.15628035
1a05A00,274,TYR,0.16510819
1a05A00,275,GLU,0.19565162
1a05A00,276,PRO,0.2287809
1a05A00,277,ILE,0.30074686
1a05A00,278,HSD,0.35730127
1a05A00,279,GLY,0.50485826
1a05A00,280,SER,0.5885584
1a05A00,281,ALA,0.68637115
1a05A00,282,PRO,0.85376155
1a05A00,283,ASP,0.9148513
1a05A00,284,ILE,0.947412
1a05A00,285,ALA,0.9365761
1a05A00,286,GLY,0.88228106
1a05A00,287,GLN,0.7996382
1a05A00,288,ASP,0.74741983
1a05A00,289,LYS,0.6291224
1a05A00,290,ALA,0.51503575
1a05A00,291,ASN,0.44411805
1a05A00,292,PRO,0.35031477
1a05A00,293,LEU,0.34035227
1a05A00,294,ALA,0.31458887
1a05A00,295,THR,0.27317125
1a05A00,296,ILE,0.2650156
1a05A00,297,LEU,0.2502055
1a05A00,298,SER,0.20580214
1a05A00,299,VAL,0.2093092
1a05A00,300,ALA,0.22420785
1a05A00,301,MET,0.19762883
1a05A00,302,MET,0.18408196
1a05A00,303,LEU,0.22232364
1a05A00,304,ARG,0.2550623
1a05A00,305,HSD,0.2326912
1a05A00,306,SER,0.40502524
1a05A00,307,LEU,0.533611
1a05A00,308,ASN,0.40708947
1a05A00,309,ALA,0.29237026
1a05A00,310,GLU,0.3162152
1a05A00,311,PRO,0.33427748
1a05A00,312,TRP,0.28324327
1a05A00,313,ALA,0.27174717
1a05A00,314,GLN,0.33019003
1a05A00,315,ARG,0.32652488
1a05A00,316,VAL,0.3032247
1a05A00,317,GLU,0.34566423
1a05A00,318,ALA,0.40462068
1a05A00,319,ALA,0.40864652
1a05A00,320,VAL,0.42263886
1a05A00,321,GLN,0.49917722
1a05A00,322,ARG,0.5675074
1a05A00,323,VAL,0.6300728
1a05A00,324,LEU,0.67624485
1a05A00,325,ASP,0.76625204
1a05A00,326,GLN,0.8382874
1a05A00,327,GLY,0.92874837
1a05A00,328,LEU,0.9531114
1a05A00,329,ARG,1.0099422
1a05A00,330,THR,1.0615203
1a05A00,331,ALA,1.1088089
1a05A00,332,ASP,1.1427981
1a05A00,333,ILE,1.0820379
1a05A00,334,ALA,1.0934429
1a05A00,335,ALA,1.1430839
1a05A00,336,PRO,1.2073803
1a05A00,337,GLY,1.2425461
1a05A00,338,THR,1.1667222
1a05A00,339,PRO,1.1691312
1a05A00,340,VAL,1.1548666
1a05A00,341,ILE,1.1793143
1a05A00,342,GLY,1.2640356
1a05A00,343,THR,1.3197975
1a05A00,344,LYS,1.3420048
1a05A00,345,ALA,1.2981066
1a05A00,346,MET,1.3177063
1a05A00,347,GLY,1.4147513
1a05A00,348,ALA,1.4420093
1a05A00,349,ALA,1.4119669
1a05A00,350,VAL,1.4659959
1a05A00,351,VAL,1.5730282
1a05A00,352,ASN,1.6316321
1a05A00,353,ALA,1.6715881
1a05A00,354,LEU,1.7764751
1a05A00,355,ASN,1.8900366
1a05A00,356,LEU,1.9440231
1a05A00,357,LYS,2.0753295
